Area,Bedrooms,Bathrooms,Floors,Parking,YearBuilt,Age,Location,Condition,SchoolsNearby,HospitalsNearby,MetroNearby,Price
1360,3,4,1,0,1998,26,Suburb,Average,2,2,1,201231.54
630,6,5,2,3,2003,21,Suburb,Poor,3,0,0,119517.17
5055,2,2,1,3,1984,40,Downtown,Average,2,2,1,831398.34
3505,3,4,3,3,2023,1,Downtown,Average,4,2,0,642254.74
3388,2,1,2,1,2017,7,Downtown,Good,4,1,1,667791.94
3056,3,2,1,3,2009,15,Uptown,Good,5,1,1,511788.93
5725,4,5,3,1,1985,39,Uptown,Good,1,1,1,933365.5
5051,6,4,1,1,1999,25,Waterfront,Poor,4,1,0,772543.02
1576,2,1,1,0,1988,36,Waterfront,Excellent,0,2,0,351142.17
1995,3,3,1,3,1994,30,Countryside,Excellent,2,0,1,296599.14
2778,2,1,3,0,1967,57,Uptown,Good,0,3,0,399098.93
3231,6,3,3,0,1994,30,Waterfront,Average,5,2,0,647275.4
1528,2,3,3,1,1998,26,Countryside,Excellent,1,1,1,207832.34
4691,4,5,3,2,2004,20,Countryside,Excellent,3,0,1,644840.57
2222,3,2,2,1,2004,20,Downtown,Excellent,5,3,1,538973.33
2481,3,4,2,2,1987,37,Downtown,Average,5,0,0,432664.79
5996,3,2,1,3,1972,52,Downtown,Average,5,3,0,954008.09
5853,4,3,2,3,1991,33,Downtown,Poor,0,1,0,757783.57
5159,4,2,3,0,1996,28,Downtown,Poor,0,2,0,672022.83
1354,5,1,1,2,2021,3,Suburb,Excellent,3,1,1,294709.54
2233,4,3,3,0,2022,2,Waterfront,Poor,1,1,1,378582.89
1108,1,2,3,1,1975,49,Waterfront,Average,3,3,0,223966.42
1869,3,3,3,3,1991,33,Uptown,Excellent,0,3,1,420562.51
2302,4,1,1,1,1982,42,Suburb,Average,3,3,1,312717.74
1123,1,2,1,1,1960,64,Uptown,Excellent,4,3,0,191299.84
2182,3,4,2,3,1992,32,Uptown,Average,0,3,1,349180.48
1945,4,3,2,0,1994,30,Downtown,Excellent,1,3,1,512852.62
4291,5,1,1,3,1992,32,Waterfront,Poor,3,3,1,666154.99
5754,3,1,1,3,1971,53,Countryside,Average,5,2,1,574120.9
3854,3,2,1,1,1992,32,Uptown,Average,0,0,1,547550.48
1315,3,4,3,3,2008,16,Downtown,Poor,3,1,0,240055.89
1560,5,1,2,0,1990,34,Countryside,Poor,0,3,0,132526.48
2800,5,1,3,3,1977,47,Downtown,Good,5,1,0,544953.64
4514,6,2,3,2,2001,23,Suburb,Good,0,3,0,646564.88
4841,5,2,3,1,1994,30,Suburb,Excellent,4,3,1,787644.83
1666,4,2,2,3,1982,42,Countryside,Excellent,1,2,1,248663.18
1648,6,2,2,1,2008,16,Uptown,Good,5,2,1,322547.88
3624,4,4,1,2,1963,61,Waterfront,Poor,3,1,0,546030.39
4864,2,2,2,2,1976,48,Countryside,Poor,1,2,1,381242.81
1512,1,2,2,0,2006,18,Suburb,Poor,5,1,1,185291.33
4172,5,5,1,3,2020,4,Waterfront,Good,4,2,0,926541.88
5592,6,1,1,1,1987,37,Waterfront,Average,0,1,1,1021535.7
5553,4,5,2,1,2007,17,Waterfront,Average,3,0,1,1043613.58
3349,4,2,2,2,2017,7,Downtown,Poor,4,0,1,467894.36
3587,2,1,3,3,1983,41,Uptown,Good,2,3,0,591478.55
5887,3,1,1,3,1969,55,Countryside,Poor,4,0,1,418882.68
3873,2,1,3,1,1994,30,Downtown,Good,4,1,1,718637.74
2016,3,1,1,0,2020,4,Downtown,Poor,1,0,0,274542.92
3467,3,1,3,3,1995,29,Suburb,Excellent,5,3,0,575995.17
2826,1,1,1,1,1976,48,Downtown,Good,3,3,0,478068.39
1865,5,3,3,0,1995,29,Uptown,Excellent,0,2,1,416982.63
3282,4,3,2,2,1975,49,Waterfront,Excellent,2,3,0,796864.12
3438,5,4,1,2,1975,49,Downtown,Average,4,0,1,651859.45
5346,4,1,2,1,2003,21,Downtown,Excellent,5,2,1,1158083.14
1691,2,1,2,2,2017,7,Suburb,Excellent,4,0,1,329819.32
1010,1,1,2,3,1990,34,Countryside,Excellent,3,1,0,131559.27
4686,2,2,3,2,2021,3,Countryside,Excellent,4,1,1,632127.57
955,5,1,3,0,1962,62,Waterfront,Poor,5,0,0,180437.13
2031,1,1,1,1,2012,12,Suburb,Poor,4,3,0,208951.39
5848,4,3,3,3,2016,8,Suburb,Average,0,0,1,744760.89
5762,1,1,2,1,1962,62,Downtown,Average,3,1,1,908092.3
1167,5,2,2,3,2017,7,Uptown,Good,3,3,0,254757.23
4636,4,3,2,2,1976,48,Downtown,Excellent,4,3,0,977510.18
2081,3,1,2,1,2010,14,Waterfront,Average,0,1,1,435619.79
3371,6,2,3,0,1964,60,Downtown,Good,0,1,1,647519.31
5284,5,1,2,0,1994,30,Downtown,Excellent,5,3,0,1140930.35
3256,5,3,1,2,1996,28,Waterfront,Excellent,1,1,0,803540.64
2548,3,1,1,3,2021,3,Downtown,Excellent,1,3,0,551372.35
2074,2,2,2,1,2013,11,Countryside,Average,1,3,0,251524.02
5358,1,1,3,2,1982,42,Waterfront,Excellent,5,1,0,1229198.11
5030,6,4,2,1,2009,15,Suburb,Good,5,2,0,733727.92
4844,6,1,3,3,1989,35,Suburb,Average,0,0,0,600034.05
637,1,2,1,3,1979,45,Waterfront,Good,5,0,1,197083.17
4323,3,3,3,0,1982,42,Countryside,Good,3,3,1,465296.46
2219,1,1,3,2,1988,36,Suburb,Excellent,1,2,0,336107.44
5277,5,5,2,0,1964,60,Downtown,Poor,1,1,1,724976.44
2468,6,2,1,2,1968,56,Suburb,Excellent,0,1,0,389561.2
4643,5,1,2,3,1960,64,Downtown,Average,4,3,0,774690.68
802,6,2,3,1,1983,41,Suburb,Excellent,1,1,0,198819.03
2146,6,3,3,3,2004,20,Suburb,Good,5,2,0,353331.96
3586,1,1,1,3,1969,55,Downtown,Excellent,5,1,1,769081.52
566,1,1,2,2,1995,29,Suburb,Average,0,3,0,95703.6
2972,5,4,2,3,1993,31,Countryside,Poor,2,0,1,244305.49
3209,5,4,2,2,2021,3,Downtown,Average,2,2,0,611450.39
1563,5,4,3,1,1961,63,Uptown,Poor,2,3,0,203057.68
3051,6,3,2,0,1961,63,Countryside,Poor,1,2,0,260162.87
1641,4,3,1,3,2008,16,Uptown,Average,0,1,1,303155.49
4734,4,5,3,2,1992,32,Suburb,Poor,1,0,0,451012.2
2173,4,2,1,3,1961,63,Uptown,Excellent,4,0,0,407763.69
2538,3,2,3,0,1964,60,Uptown,Poor,1,1,0,266559.47
875,3,1,2,3,1994,30,Countryside,Excellent,5,3,1,171793.55
1752,6,4,2,2,1980,44,Waterfront,Excellent,2,2,1,543571.38
3121,4,1,1,1,1984,40,Suburb,Poor,5,3,0,323683.87
5170,1,1,1,0,2006,18,Suburb,Good,4,3,1,725916.76
4518,3,2,2,2,1966,58,Countryside,Poor,1,3,1,359276.67
2535,6,3,1,1,2016,8,Downtown,Excellent,4,2,0,645325.91
2836,6,4,2,1,1969,55,Waterfront,Average,1,0,1,608285.62
3728,4,4,1,1,1986,38,Countryside,Average,3,3,1,387968.04
2334,3,1,3,1,1969,55,Suburb,Good,2,3,1,341836.96
1484,1,1,3,3,2003,21,Uptown,Poor,3,0,1,233785.07
4376,2,1,3,1,1968,56,Countryside,Excellent,5,3,0,528585.79
3361,5,5,2,1,1995,29,Downtown,Excellent,5,2,0,798906.5
5531,5,1,1,0,1969,55,Uptown,Excellent,4,1,0,960117.35
2125,3,2,2,2,1977,47,Countryside,Good,2,0,1,239046.9
5534,3,4,3,2,2013,11,Downtown,Average,3,1,0,937737.08
4658,3,2,2,3,2009,15,Waterfront,Excellent,0,3,0,1108191.1
1188,4,4,3,0,1999,25,Downtown,Average,0,3,0,240496.9
1451,3,2,2,0,2008,16,Waterfront,Excellent,5,3,1,408767.19
2565,1,2,3,2,2009,15,Suburb,Good,3,0,1,402715.76
3835,5,3,2,1,1978,46,Suburb,Poor,0,2,0,382081.15
2323,2,3,1,3,1960,64,Downtown,Average,2,3,0,391566.39
4175,2,3,2,3,2015,9,Countryside,Poor,3,3,0,334284.82
4777,5,2,3,1,1966,58,Downtown,Average,4,2,1,825486.8
4677,2,1,3,0,1979,45,Countryside,Good,1,2,0,467458.9
3690,4,4,1,0,1997,27,Downtown,Good,4,3,0,729989.59
4723,1,2,3,0,1973,51,Downtown,Poor,1,0,0,582492.63
3930,1,2,2,2,2005,19,Uptown,Good,1,0,0,618604.88
2675,5,2,1,1,1993,31,Downtown,Excellent,0,1,1,634977.38
5183,5,2,2,0,1986,38,Downtown,Average,5,2,1,900806.29
954,2,1,1,1,1980,44,Uptown,Good,1,1,1,150000.68
4725,4,3,1,2,2012,12,Uptown,Average,1,0,0,677798.66
1636,3,3,3,1,1993,31,Waterfront,Poor,0,1,1,304561.38
1250,4,3,3,3,2002,22,Downtown,Good,2,0,0,322001.6
2024,1,1,1,0,1984,40,Waterfront,Average,1,0,0,336268.85
4726,2,1,3,1,1997,27,Suburb,Poor,2,0,1,467921.06
4607,6,3,3,0,1976,48,Waterfront,Good,5,3,0,999117.62
5708,4,3,2,0,2004,20,Suburb,Average,1,3,0,674529.7
4930,5,1,3,3,1967,57,Suburb,Average,4,1,0,605612.51
5585,4,3,2,2,2001,23,Downtown,Good,2,3,1,1075715.05
5790,2,3,3,3,1998,26,Downtown,Poor,4,1,0,757205.71
3269,1,2,1,1,2003,21,Suburb,Average,2,1,1,419751.99
4310,3,3,2,3,1988,36,Downtown,Excellent,5,0,1,949539.26
5292,4,1,2,1,1984,40,Uptown,Excellent,0,1,0,914353.79
2533,4,2,2,0,1984,40,Downtown,Excellent,5,2,0,558265.4
4994,1,1,3,1,1996,28,Waterfront,Excellent,2,3,1,1163897.14
5367,3,4,1,2,2013,11,Waterfront,Average,4,1,1,1033873.69
4821,1,2,1,0,2017,7,Countryside,Poor,5,0,0,348174.37
3670,4,2,1,0,2018,6,Suburb,Average,1,1,1,488037.21
502,3,2,1,3,2020,4,Downtown,Excellent,3,1,0,179602.97
1718,1,2,2,0,1974,50,Downtown,Excellent,2,2,1,371255.68
1483,4,3,1,3,1985,39,Suburb,Good,4,3,1,256688.83
5188,2,1,2,0,2010,14,Suburb,Average,1,3,0,624143.82
2496,5,1,2,3,1978,46,Uptown,Excellent,2,2,1,513412.83
2216,2,3,3,1,2019,5,Waterfront,Average,4,1,0,469622.61
5650,2,2,3,0,1989,35,Suburb,Poor,1,1,0,525214.3
5843,5,3,1,0,1976,48,Suburb,Poor,4,2,1,575871.22
5945,3,2,3,1,2000,24,Suburb,Average,3,3,0,729668.19
1765,4,3,1,3,1981,43,Downtown,Good,5,0,1,404161.69
5069,3,2,2,1,2023,1,Waterfront,Poor,3,2,0,723538.7
528,3,1,2,2,1974,50,Countryside,Average,1,2,1,99373.17
4053,6,2,1,3,1976,48,Countryside,Excellent,0,2,0,527131.15
2323,2,3,2,3,1981,43,Countryside,Average,2,0,1,264287.23
4011,4,5,1,2,1975,49,Waterfront,Average,3,1,0,780289.33
4098,2,1,3,3,2008,16,Downtown,Poor,3,1,0,539662.24
2755,3,4,2,0,1976,48,Waterfront,Excellent,2,1,1,701560.84
1459,4,5,2,2,1979,45,Downtown,Good,5,2,0,366771.19
4465,4,4,1,1,2007,17,Downtown,Poor,5,1,0,624767.15
894,5,1,1,1,1989,35,Suburb,Good,5,3,0,158924.64
5920,1,1,2,0,1967,57,Countryside,Good,2,3,0,599957.96
5705,4,4,1,1,1999,25,Suburb,Poor,0,1,0,535299.53
3348,1,1,2,0,1972,52,Uptown,Good,5,2,1,531637.99
605,4,1,3,0,1962,62,Countryside,Good,0,1,0,86743.86
2770,1,2,2,3,2021,3,Uptown,Good,2,2,0,464394.89
3961,2,2,2,2,1962,62,Downtown,Poor,1,1,0,526400.91
2634,4,5,1,0,2010,14,Suburb,Average,5,3,0,381173.53
5290,3,4,2,1,1977,47,Countryside,Good,4,3,1,579982.5
3420,3,3,2,2,1994,30,Waterfront,Excellent,5,2,0,837639.35
658,2,1,1,3,1987,37,Uptown,Good,3,3,1,123928.44
2212,3,4,1,3,2017,7,Waterfront,Good,3,1,0,520688.59
4509,3,3,2,1,2020,4,Uptown,Average,4,1,1,689381.3
3458,1,1,2,3,1995,29,Suburb,Poor,5,1,1,350427.0
3552,1,2,2,3,2020,4,Downtown,Poor,1,2,1,483996.9
3716,3,1,1,3,1961,63,Countryside,Excellent,4,2,0,445163.68
4896,3,2,3,1,1973,51,Suburb,Excellent,1,3,1,768301.56
3932,1,1,3,3,1960,64,Downtown,Poor,5,3,1,509262.22
4068,4,4,3,2,1965,59,Uptown,Average,4,3,1,646294.27
2881,2,1,3,0,1979,45,Suburb,Excellent,0,2,0,443973.6
5780,1,1,2,3,2001,23,Uptown,Excellent,1,3,0,993769.25
625,2,1,2,0,2016,8,Countryside,Good,3,1,1,94261.74
1864,1,1,1,3,1997,27,Waterfront,Average,5,2,1,389880.41
5738,2,3,2,1,2009,15,Suburb,Excellent,1,3,0,874018.19
2363,1,2,1,0,1978,46,Waterfront,Poor,4,0,1,349267.48
3791,2,2,2,2,1968,56,Downtown,Excellent,0,3,0,773507.4
988,3,4,2,0,1997,27,Uptown,Good,2,1,1,242331.17
1500,3,1,3,0,1983,41,Downtown,Excellent,0,3,1,383395.58
3375,5,1,1,0,1991,33,Downtown,Average,3,1,1,580836.58
3838,3,4,2,1,1969,55,Suburb,Good,0,2,0,521330.13
3001,4,5,1,1,1984,40,Uptown,Excellent,1,3,0,592379.36
3522,4,4,3,2,2007,17,Suburb,Poor,2,2,0,368496.0
4931,5,4,3,0,1995,29,Countryside,Average,3,0,0,521074.51
5065,3,2,2,0,1963,61,Waterfront,Poor,5,2,0,719773.41
605,4,2,2,0,1972,52,Uptown,Good,0,1,0,142113.03
1786,4,2,3,0,1990,34,Downtown,Good,4,1,1,396775.53
2298,6,1,1,1,2006,18,Countryside,Excellent,5,1,0,336664.95
1743,1,2,1,2,1969,55,Suburb,Excellent,4,1,1,290903.13
5454,5,4,2,3,1978,46,Uptown,Poor,1,0,1,652252.69
5510,4,2,1,2,2009,15,Waterfront,Average,0,2,1,1029665.89
1161,5,3,3,3,1970,54,Suburb,Excellent,5,0,0,251387.07
940,6,1,2,3,1994,30,Waterfront,Good,2,1,1,325823.2
5594,4,3,2,1,2001,23,Waterfront,Good,3,3,0,1149358.13
4948,4,3,1,3,1992,32,Countryside,Good,0,2,1,572440.65
5551,5,4,3,3,1980,44,Suburb,Average,5,3,0,706445.01
4653,3,2,2,1,1982,42,Uptown,Good,5,0,0,716800.97
1161,4,2,1,0,1988,36,Downtown,Average,1,1,1,267807.66
1132,4,1,3,3,1989,35,Waterfront,Average,3,2,1,278602.53
785,5,4,2,1,1977,47,Downtown,Excellent,3,1,1,287239.73
3285,5,4,1,2,2009,15,Waterfront,Good,0,0,1,750535.3
5430,4,2,2,2,1965,59,Countryside,Good,2,2,1,601729.34
5935,5,4,2,3,2006,18,Downtown,Good,5,1,0,1145659.9
633,3,4,3,3,1973,51,Downtown,Average,4,2,1,185532.83
4725,3,2,2,3,1977,47,Suburb,Excellent,1,0,0,755773.16
5417,6,5,3,2,2000,24,Downtown,Excellent,4,1,1,1228058.7
3464,2,1,3,3,2004,20,Uptown,Poor,3,0,0,350131.18
2994,6,5,3,1,1961,63,Uptown,Average,2,2,0,473496.69
2453,2,1,2,1,1970,54,Suburb,Excellent,0,2,0,354115.1
899,4,1,3,3,1976,48,Waterfront,Average,3,3,0,234803.41
1319,4,4,2,2,2009,15,Waterfront,Poor,5,3,0,274220.38
3529,6,5,1,1,1964,60,Suburb,Good,2,0,1,490796.68
5337,5,2,3,1,2015,9,Waterfront,Excellent,4,0,1,1295380.41
5295,3,3,1,3,2023,1,Waterfront,Good,5,3,1,1137945.92
5219,4,2,3,0,1988,36,Uptown,Excellent,5,1,0,940812.15
924,1,2,1,0,1969,55,Suburb,Good,3,3,0,115333.77
1214,2,3,2,3,2008,16,Downtown,Poor,4,2,0,206138.2
2648,5,1,3,2,1960,64,Waterfront,Average,2,3,0,539059.93
2168,4,5,2,2,2005,19,Uptown,Average,3,2,0,353299.14
4062,2,1,1,1,2013,11,Suburb,Good,3,0,0,552411.79
4219,1,1,2,2,2009,15,Countryside,Excellent,3,1,1,538662.11
877,6,2,2,0,1995,29,Uptown,Average,1,1,0,196490.61
2216,4,2,3,1,1974,50,Downtown,Poor,1,2,0,294173.11
4197,6,4,2,3,1980,44,Uptown,Poor,2,1,0,468546.65
4488,3,2,2,2,1998,26,Downtown,Poor,0,2,1,582967.22
801,6,4,3,3,1981,43,Countryside,Excellent,5,3,0,187182.3
4037,2,1,1,2,2011,13,Countryside,Good,2,2,1,433567.36
2968,5,1,3,2,2013,11,Countryside,Average,4,1,0,297520.45
1804,5,2,2,3,1967,57,Downtown,Poor,4,2,0,261129.58
2355,2,2,3,0,1969,55,Waterfront,Poor,5,2,0,340787.32
1422,2,1,1,0,2011,13,Uptown,Good,1,1,1,231150.95
2278,6,3,1,1,1963,61,Waterfront,Poor,3,1,1,366085.38
1513,3,2,1,1,1980,44,Waterfront,Good,5,1,1,358936.59
2820,4,5,2,2,1983,41,Waterfront,Poor,1,2,1,449163.27
3447,6,2,2,1,1978,46,Uptown,Poor,2,0,0,419215.53
5593,5,4,3,3,2004,20,Uptown,Good,0,2,0,895596.22
1669,4,1,3,3,2018,6,Countryside,Excellent,3,1,0,261792.15
1159,3,3,2,2,1973,51,Uptown,Average,0,1,1,187394.61
1336,1,2,1,1,2009,15,Countryside,Excellent,2,0,1,183910.55
4420,3,1,3,0,1978,46,Suburb,Average,5,1,0,547086.58
5176,5,5,1,0,1969,55,Waterfront,Poor,5,1,1,785533.58
3159,6,1,2,1,2019,5,Uptown,Poor,0,2,1,399094.67
5580,4,5,2,3,2003,21,Suburb,Good,5,3,0,799125.34
1131,2,2,3,1,1984,40,Waterfront,Good,3,0,0,258479.8
5847,3,4,2,1,2002,22,Downtown,Excellent,3,1,0,1226950.85
1922,2,3,3,3,1966,58,Waterfront,Good,1,3,1,441939.84
5491,6,1,1,1,1980,44,Suburb,Excellent,2,2,1,857464.78
870,1,1,1,0,2000,24,Downtown,Good,4,3,0,162360.99
1097,1,1,1,0,1993,31,Uptown,Good,2,0,0,173703.78
5561,6,2,1,1,1980,44,Waterfront,Good,5,3,0,1177269.07
3637,2,2,3,0,1998,26,Uptown,Poor,5,3,0,405447.14
2354,1,2,3,0,1979,45,Suburb,Average,3,1,1,299582.77
3291,5,4,2,2,2020,4,Downtown,Poor,1,3,1,527421.65
5873,3,4,1,1,2011,13,Countryside,Good,3,2,0,672346.89
2926,2,3,3,0,2010,14,Countryside,Poor,3,1,1,262440.43
2711,5,5,3,0,2006,18,Suburb,Good,3,3,1,437508.84
3839,2,3,3,0,1962,62,Countryside,Good,2,3,1,415885.57
1112,4,3,1,3,1989,35,Countryside,Poor,0,3,0,104549.27
4458,1,1,1,2,2012,12,Waterfront,Good,4,1,1,900193.19
2060,3,1,1,3,1993,31,Suburb,Good,5,0,0,307013.19
4047,5,1,2,1,1965,59,Countryside,Poor,3,0,0,316534.64
3004,5,2,2,2,1971,53,Uptown,Good,1,3,0,503497.21
4331,2,2,1,0,1994,30,Uptown,Good,0,2,0,659146.79
2826,6,1,1,3,1970,54,Countryside,Average,0,3,0,274026.29
1589,3,4,3,2,1965,59,Downtown,Poor,3,0,1,265818.7
5128,3,1,1,0,2005,19,Uptown,Good,3,3,0,782536.41
5146,1,1,1,2,1977,47,Countryside,Excellent,5,2,0,594260.51
3097,6,4,1,3,2021,3,Countryside,Average,5,2,1,371794.44
1095,1,1,2,1,1997,27,Downtown,Average,5,2,0,214999.66
5575,5,1,3,3,2014,10,Downtown,Poor,2,2,1,773263.01
4993,6,5,1,3,1999,25,Downtown,Good,0,3,0,939959.55
5822,5,3,1,2,1973,51,Downtown,Poor,2,3,1,771677.74
4508,5,1,2,3,1994,30,Countryside,Poor,5,1,0,350949.18
1799,5,3,1,0,2020,4,Downtown,Excellent,0,3,0,456214.55
1476,2,1,1,2,2006,18,Uptown,Good,3,1,0,247046.04
5415,5,5,3,1,1979,45,Downtown,Excellent,2,3,0,1157501.75
1978,4,4,2,3,2004,20,Countryside,Good,3,1,1,294900.58
2292,6,1,2,0,2020,4,Uptown,Good,1,2,1,439206.2
3951,2,1,1,0,2004,20,Downtown,Average,5,2,1,655049.66
5296,6,1,2,0,2021,3,Countryside,Poor,3,0,1,421070.85
840,5,1,2,1,2002,22,Downtown,Excellent,4,0,0,255998.05
4142,1,1,1,3,1970,54,Countryside,Average,4,2,1,419445.66
4128,1,2,3,3,1967,57,Waterfront,Excellent,4,3,0,955686.72
1487,2,1,1,2,2005,19,Waterfront,Average,0,2,1,304708.92
4533,4,1,3,3,1977,47,Waterfront,Average,3,3,1,862409.81
3202,1,1,2,2,1988,36,Downtown,Good,1,2,0,580350.2
2496,2,2,2,2,2013,11,Downtown,Excellent,3,2,1,606606.58
2128,6,3,2,3,1961,63,Downtown,Excellent,5,3,0,537538.26
2782,1,1,1,2,1985,39,Waterfront,Excellent,5,0,0,650497.62
2319,5,3,2,3,1994,30,Waterfront,Average,0,0,1,490431.38
4205,6,4,2,3,1962,62,Countryside,Poor,3,2,0,316930.38
2541,3,1,2,3,2019,5,Downtown,Poor,1,3,1,366576.2
3480,4,5,1,0,2006,18,Uptown,Average,4,1,1,566884.1
5412,1,2,1,3,1993,31,Uptown,Poor,3,1,0,575782.98
1554,4,1,1,1,1964,60,Countryside,Average,2,0,1,166610.48
4958,3,2,3,1,1965,59,Countryside,Excellent,4,1,1,615170.14
2669,5,5,2,3,1996,28,Countryside,Average,5,3,1,300801.8
1801,4,5,1,0,2008,16,Waterfront,Good,4,1,0,428029.84
5998,3,3,2,1,1991,33,Waterfront,Average,1,0,0,1062311.18
799,3,3,3,0,1987,37,Waterfront,Average,4,2,1,214995.91
2686,4,3,1,0,1994,30,Uptown,Good,5,0,1,451056.91
3067,4,5,1,0,1995,29,Countryside,Average,2,0,1,341500.89
766,6,5,3,3,2013,11,Waterfront,Good,2,2,1,331626.87
2460,6,2,2,0,2010,14,Countryside,Good,3,3,1,316722.04
5459,6,2,2,2,1992,32,Countryside,Average,0,2,1,564122.67
4302,2,3,3,2,2006,18,Uptown,Average,4,2,1,646819.27
3058,1,2,1,0,1976,48,Downtown,Excellent,2,2,1,645989.08
4617,5,3,3,1,1969,55,Suburb,Poor,5,0,1,482117.01
1727,2,1,3,3,1989,35,Downtown,Good,2,2,1,377658.83
3898,6,3,1,3,1984,40,Waterfront,Excellent,4,0,1,1000864.28
5243,5,4,1,2,1960,64,Uptown,Average,1,2,1,779388.15
913,6,3,3,3,1962,62,Uptown,Excellent,4,3,1,259982.51
2592,5,3,3,1,1975,49,Suburb,Poor,0,2,1,293493.69
5045,2,1,3,2,2019,5,Suburb,Average,2,3,0,634698.55
1473,6,3,2,0,1998,26,Waterfront,Average,0,0,0,332711.07
1804,6,1,3,2,1991,33,Suburb,Good,3,3,1,294131.0
2087,4,2,2,1,1987,37,Uptown,Excellent,5,1,0,405279.16
4545,2,2,2,2,1970,54,Downtown,Poor,0,2,0,594406.48
5586,1,2,1,1,1977,47,Downtown,Average,1,3,0,881502.71
5776,4,3,1,0,2002,22,Countryside,Excellent,2,1,1,724994.9
1318,5,3,1,1,2007,17,Uptown,Average,4,0,1,263003.78
4399,3,1,3,1,2006,18,Waterfront,Excellent,2,0,0,1015660.92
1428,4,3,1,3,2006,18,Downtown,Good,0,0,1,349946.87
3357,1,1,2,3,1998,26,Uptown,Poor,0,2,0,384137.77
2019,2,2,3,3,2000,24,Uptown,Average,0,0,1,289030.19
5244,1,2,3,1,2015,9,Downtown,Poor,4,2,0,701876.58
2272,2,1,3,3,1977,47,Countryside,Poor,5,3,1,218244.0
1961,1,2,1,3,2002,22,Countryside,Excellent,0,0,1,250006.09
2601,2,1,3,0,1969,55,Waterfront,Excellent,5,3,1,629465.46
2658,6,1,2,3,1983,41,Waterfront,Average,0,3,1,515968.37
3759,2,2,1,3,2014,10,Uptown,Poor,0,3,1,434136.07
3962,5,1,1,2,2017,7,Uptown,Excellent,5,3,1,776842.72
1219,3,1,1,2,1995,29,Countryside,Excellent,2,3,0,151607.14
3616,6,3,3,0,2000,24,Waterfront,Good,1,3,0,811650.95
1602,4,4,2,3,1985,39,Downtown,Average,4,3,1,373528.75
4371,4,1,1,2,1985,39,Uptown,Average,1,0,1,643525.54
960,5,4,3,2,1987,37,Countryside,Average,0,0,0,132301.7
2223,1,1,3,0,2005,19,Suburb,Good,0,1,0,306308.38
2795,6,1,2,1,1986,38,Suburb,Average,4,1,0,375155.43
4145,6,2,2,1,2005,19,Waterfront,Average,5,2,1,846926.79
1616,4,5,3,3,1992,32,Downtown,Poor,2,0,1,277992.83
2105,1,2,3,3,2007,17,Countryside,Good,5,0,1,271412.3
5758,5,1,2,2,1982,42,Suburb,Good,5,3,1,807391.31
5866,5,2,2,3,1995,29,Downtown,Average,0,2,1,996815.37
4171,2,2,1,1,2003,21,Downtown,Excellent,1,3,0,876749.07
3826,3,1,2,3,1999,25,Suburb,Average,2,1,0,443649.04
3436,5,3,1,0,1969,55,Uptown,Excellent,5,3,0,621151.88
1128,6,3,3,0,1998,26,Countryside,Good,5,0,1,167353.49
5280,4,5,1,2,1977,47,Uptown,Excellent,1,0,1,953388.41
1716,1,2,2,3,2004,20,Downtown,Excellent,3,0,1,424971.72
5246,3,1,3,3,1985,39,Countryside,Average,4,3,0,511242.39
2679,2,3,2,3,2004,20,Waterfront,Poor,0,3,0,427689.75
4707,6,4,2,0,1986,38,Uptown,Good,2,0,0,780723.74
4635,5,4,2,0,1983,41,Suburb,Poor,2,1,0,455343.06
2980,5,4,3,0,1964,60,Waterfront,Good,0,0,0,646023.55
1880,1,2,3,2,1997,27,Waterfront,Excellent,3,2,1,458784.47
841,4,4,2,2,2022,2,Uptown,Average,0,0,0,159750.5
3249,5,1,3,2,1973,51,Downtown,Good,2,2,1,630518.18
4311,6,5,2,0,1967,57,Downtown,Poor,2,2,0,592711.61
1476,3,4,2,1,2016,8,Downtown,Poor,3,2,0,220021.95
3464,5,1,1,2,1984,40,Countryside,Poor,0,0,0,279025.58
3994,3,2,1,2,1982,42,Suburb,Average,4,1,0,503590.83
4164,2,3,1,0,1968,56,Waterfront,Good,5,3,1,865624.1
2656,1,1,3,1,1974,50,Uptown,Poor,3,1,0,303484.24
5446,3,4,3,3,1973,51,Suburb,Excellent,5,1,0,855559.8
3472,3,2,1,0,2008,16,Countryside,Excellent,0,0,0,417211.49
3907,6,5,2,2,1978,46,Uptown,Poor,2,2,1,492942.8
2975,2,2,3,0,1996,28,Countryside,Good,2,2,1,356710.15
5095,4,1,1,3,2021,3,Waterfront,Average,4,2,1,959702.11
3116,4,5,2,3,2018,6,Downtown,Good,1,3,0,665650.18
518,6,5,3,1,1989,35,Uptown,Excellent,4,3,1,223537.88
3974,6,5,1,3,1977,47,Suburb,Excellent,0,3,1,682836.89
701,1,2,2,1,1964,60,Uptown,Good,0,0,1,111253.54
4302,1,2,3,2,1962,62,Suburb,Good,0,2,1,594454.82
3133,6,2,3,2,1998,26,Countryside,Excellent,5,3,0,466991.24
4998,4,3,3,1,1989,35,Waterfront,Good,5,2,1,1058998.75
2242,3,2,1,0,1991,33,Downtown,Average,3,2,1,406647.47
5416,3,2,3,3,1980,44,Countryside,Poor,5,3,1,415587.31
2961,1,1,1,0,2004,20,Uptown,Average,0,0,1,424683.18
675,6,1,2,1,1986,38,Suburb,Average,3,2,0,153081.61
4962,4,5,3,0,1986,38,Suburb,Average,3,0,0,605659.06
2759,5,1,1,2,2006,18,Uptown,Average,0,0,1,439785.52
4664,3,4,2,3,1970,54,Waterfront,Good,2,1,1,999615.15
2129,2,2,2,2,1978,46,Uptown,Average,4,3,1,357594.33
2934,2,2,1,2,2015,9,Countryside,Good,2,1,1,321558.57
794,1,2,1,1,1996,28,Downtown,Good,2,0,1,176742.88
944,2,3,3,3,1997,27,Suburb,Poor,3,1,1,140052.93
562,6,3,2,0,1972,52,Uptown,Good,4,2,1,166736.93
2635,4,4,3,0,2014,10,Countryside,Good,5,1,0,320051.43
5603,5,5,1,1,1987,37,Waterfront,Good,2,0,0,1151594.13
1302,4,5,1,3,1971,53,Uptown,Average,1,2,0,210076.58
4427,1,1,3,1,1991,33,Waterfront,Poor,5,1,0,607958.13
4909,1,1,1,0,1968,56,Countryside,Excellent,2,2,1,600286.6
586,1,2,3,3,1962,62,Downtown,Average,5,0,0,120634.27
3810,5,5,2,3,2006,18,Waterfront,Excellent,4,1,0,986281.57
5257,6,1,2,0,2021,3,Countryside,Poor,1,2,1,453633.59
5229,2,3,3,3,1993,31,Downtown,Good,3,2,1,974815.06
646,6,4,3,0,1968,56,Downtown,Good,0,2,0,184456.47
5597,1,1,2,1,2010,14,Waterfront,Good,0,1,0,1073809.56
4840,5,5,3,3,1983,41,Suburb,Excellent,4,0,1,812845.31
4900,3,3,2,0,1998,26,Waterfront,Excellent,0,1,0,1134522.97
4200,3,4,2,3,1975,49,Downtown,Good,3,0,1,816680.7
2347,1,1,1,1,1975,49,Downtown,Average,3,2,1,386604.11
4934,3,2,1,0,1974,50,Countryside,Average,4,1,1,503201.13
2604,2,3,2,3,1967,57,Uptown,Average,0,3,1,390571.78
3620,5,2,2,0,2004,20,Uptown,Poor,4,2,1,460163.18
4304,3,3,3,1,1973,51,Countryside,Average,5,3,0,423280.37
3166,3,2,3,1,2021,3,Downtown,Excellent,3,2,1,735993.75
2005,5,1,1,1,2017,7,Waterfront,Poor,4,1,0,356531.95
3926,5,3,1,2,1966,58,Uptown,Excellent,3,1,0,728398.41
4013,1,2,3,2,1962,62,Waterfront,Poor,1,3,1,603361.88
3391,2,1,1,2,2013,11,Countryside,Excellent,4,2,1,460188.14
2129,6,4,2,3,1970,54,Downtown,Good,1,1,1,450112.04
5988,6,1,3,2,1997,27,Countryside,Good,4,0,1,642624.21
4751,5,2,2,0,1986,38,Uptown,Average,5,1,0,692481.73
2314,6,4,2,0,1979,45,Uptown,Excellent,3,3,0,488276.29
4248,6,5,1,3,1994,30,Waterfront,Poor,5,1,1,702129.64
4075,5,5,2,1,1961,63,Countryside,Excellent,5,0,1,538829.32
3235,3,4,3,0,1990,34,Countryside,Poor,4,1,0,264339.95
3350,4,3,3,0,2010,14,Countryside,Good,3,3,0,387159.16
3350,6,2,1,3,1995,29,Countryside,Good,2,2,1,380373.45
4934,1,2,1,0,2022,2,Countryside,Average,1,1,0,447815.24
5895,3,3,3,1,1993,31,Uptown,Excellent,2,0,0,1035866.46
5732,2,2,1,1,1970,54,Countryside,Excellent,1,2,0,629928.13
1598,5,4,1,2,2000,24,Countryside,Average,0,0,1,193120.34
2178,4,2,3,0,1988,36,Suburb,Poor,1,3,0,223165.41
874,3,3,3,3,1999,25,Uptown,Good,5,2,1,187231.2
3520,2,1,1,1,1961,63,Uptown,Good,1,2,1,528058.39
3423,3,2,1,3,1985,39,Downtown,Poor,3,3,0,463803.64
3066,5,3,3,3,2007,17,Countryside,Excellent,0,2,0,436326.88
2759,5,2,1,2,1990,34,Downtown,Poor,4,1,1,400169.56
5540,1,2,2,1,1988,36,Countryside,Good,2,1,1,584717.0
1594,4,2,2,2,1979,45,Suburb,Good,1,3,1,280643.77
2540,4,3,2,3,1967,57,Waterfront,Good,3,1,0,517284.17
4111,1,2,1,0,1991,33,Uptown,Excellent,1,1,1,711570.63
2930,6,2,3,2,1970,54,Uptown,Good,5,0,1,505445.28
5081,2,2,3,3,2007,17,Uptown,Good,0,0,0,784529.31
2653,5,2,1,1,1972,52,Downtown,Poor,1,2,1,379954.23
5531,1,1,2,2,1974,50,Waterfront,Excellent,0,3,1,1237064.24
1344,1,1,2,2,2019,5,Downtown,Average,1,3,0,244396.27
2330,4,3,1,3,2021,3,Waterfront,Excellent,0,0,0,639916.72
2381,6,4,3,3,1984,40,Waterfront,Poor,2,1,0,412324.19
1945,4,5,2,2,1987,37,Countryside,Excellent,5,1,1,313097.72
2794,6,1,2,1,1991,33,Countryside,Good,2,3,0,328248.58
5796,3,3,1,2,1964,60,Uptown,Excellent,0,2,1,1053036.44
4978,6,4,1,0,2022,2,Suburb,Good,0,3,1,761405.7
3264,1,2,1,0,1974,50,Waterfront,Excellent,1,3,1,754962.83
1634,3,1,3,0,2008,16,Uptown,Excellent,4,3,0,341486.54
3573,6,2,3,0,1989,35,Waterfront,Poor,1,0,1,557579.67
2147,1,2,3,3,1974,50,Downtown,Poor,1,3,0,290804.08
5160,4,1,1,3,1968,56,Downtown,Poor,2,2,1,664408.02
2004,5,1,1,3,1967,57,Countryside,Good,3,0,0,217070.26
3803,2,2,3,2,1998,26,Countryside,Average,0,0,1,400229.28
923,6,2,2,0,2004,20,Countryside,Good,0,0,0,144437.26
5990,3,4,1,0,2010,14,Suburb,Average,2,2,1,773522.42
4569,4,2,2,2,1996,28,Countryside,Poor,3,1,1,386118.05
4247,2,1,2,3,1976,48,Downtown,Poor,3,1,0,524289.46
5391,1,2,2,3,1999,25,Downtown,Average,3,3,1,877687.34
4505,4,3,1,2,1975,49,Uptown,Average,5,0,0,647009.97
3581,3,3,1,2,2017,7,Countryside,Poor,0,2,0,299969.99
5055,1,1,2,2,1993,31,Suburb,Poor,3,2,1,500934.3
628,6,1,2,1,1962,62,Suburb,Excellent,0,3,0,121117.6
1127,6,5,2,0,1992,32,Uptown,Good,4,2,1,294066.94
1825,1,1,1,1,1964,60,Downtown,Average,3,2,0,259188.78
2487,3,2,1,3,1994,30,Countryside,Poor,1,1,0,214256.54
3808,5,5,3,0,1997,27,Waterfront,Excellent,0,2,1,968575.25
859,4,3,2,2,1987,37,Uptown,Poor,1,0,0,136195.46
1231,2,2,1,2,1990,34,Suburb,Excellent,1,2,0,233641.55
2087,1,2,1,2,1981,43,Waterfront,Average,0,0,0,341006.32
5000,1,2,2,2,2004,20,Downtown,Excellent,5,1,0,1049475.82
1156,6,1,2,0,1965,59,Countryside,Good,5,2,1,177215.5
768,1,1,1,3,1994,30,Uptown,Good,4,1,1,165059.19
906,1,2,2,2,1964,60,Suburb,Poor,5,1,0,97673.66
5868,6,5,3,3,2003,21,Countryside,Average,2,2,1,621157.21
2966,1,1,3,3,1995,29,Countryside,Poor,1,3,1,245974.35
4740,3,2,1,2,1991,33,Uptown,Excellent,5,1,1,884046.7
2945,5,4,3,3,1987,37,Uptown,Excellent,1,3,1,613360.53
1257,3,3,1,2,2004,20,Suburb,Poor,3,2,0,168227.36
1501,5,1,3,1,1969,55,Suburb,Good,4,0,0,217307.43
3210,5,2,1,1,2003,21,Uptown,Excellent,5,3,1,612170.38
3717,2,1,1,1,1979,45,Countryside,Average,2,1,0,364134.65
5554,4,1,1,2,1964,60,Countryside,Good,0,3,1,608370.09
3306,3,1,3,1,1962,62,Downtown,Poor,3,2,1,431336.21
1340,2,3,1,2,1964,60,Uptown,Poor,5,0,1,179905.01
2517,5,1,2,1,2001,23,Downtown,Good,1,1,0,491832.94
2301,3,3,3,0,1980,44,Waterfront,Average,0,3,1,453852.63
5405,2,2,3,2,1975,49,Downtown,Average,1,2,0,856855.88
738,2,1,3,1,1961,63,Suburb,Average,2,2,0,113204.02
2402,6,4,1,1,2002,22,Downtown,Average,4,0,1,483375.93
589,4,4,2,0,2006,18,Uptown,Excellent,5,2,1,213109.98
1469,5,4,1,0,1988,36,Countryside,Average,3,2,1,169944.68
3592,5,3,3,3,1988,36,Uptown,Excellent,5,2,1,725998.77
4469,6,2,1,1,1995,29,Waterfront,Average,1,0,0,822817.02
3081,4,4,3,3,1968,56,Countryside,Average,5,1,1,352135.62
3906,1,2,1,3,1963,61,Suburb,Good,4,3,0,499248.01
2477,4,5,2,0,2001,23,Downtown,Good,3,2,1,561216.82
3025,3,1,1,0,1990,34,Countryside,Average,4,3,1,286633.49
2863,1,2,2,2,2012,12,Countryside,Poor,0,2,0,194125.54
840,4,2,3,1,1971,53,Downtown,Excellent,2,3,1,242809.25
1631,3,2,3,3,2009,15,Countryside,Average,4,2,1,197948.27
694,2,3,1,1,1961,63,Downtown,Poor,1,3,1,92276.65
5715,5,2,2,3,1992,32,Waterfront,Poor,0,1,1,842183.28
2850,5,5,2,0,1979,45,Suburb,Average,2,0,1,392332.47
5183,2,1,2,3,2016,8,Suburb,Poor,3,2,1,480572.01
5173,1,1,2,2,1961,63,Downtown,Good,1,0,0,881280.46
2672,5,2,2,1,1996,28,Suburb,Poor,5,1,1,313273.73
2861,4,4,1,3,1981,43,Waterfront,Poor,0,3,0,451354.03
694,5,3,3,0,1963,61,Waterfront,Poor,2,1,0,162306.85
2514,6,4,1,0,1982,42,Waterfront,Average,5,3,0,537248.19
2656,3,4,3,3,2023,1,Countryside,Good,2,0,0,339162.14
5974,1,2,3,1,2013,11,Waterfront,Average,3,2,0,1066483.45
3980,6,2,1,0,2019,5,Countryside,Excellent,0,3,1,537570.47
5203,3,3,3,1,1983,41,Countryside,Excellent,5,1,1,654124.41
628,1,2,1,3,1965,59,Waterfront,Poor,2,0,0,109562.18
3256,3,4,1,3,1968,56,Uptown,Average,5,2,1,498659.12
4012,6,4,3,0,2004,20,Countryside,Average,3,3,1,440768.14
1357,3,2,3,2,1972,52,Uptown,Excellent,3,3,0,269900.67
2302,2,2,3,2,1997,27,Suburb,Average,2,3,1,316761.6
1441,4,1,2,3,1960,64,Countryside,Poor,2,3,1,147952.53
4134,5,5,2,0,1983,41,Downtown,Excellent,0,0,1,932335.26
4137,1,2,2,3,1970,54,Downtown,Average,5,1,0,680120.96
2976,2,3,3,0,1985,39,Downtown,Good,4,2,0,531456.59
3329,6,3,2,3,1976,48,Countryside,Poor,5,1,1,278751.24
1446,6,2,3,2,2012,12,Uptown,Good,5,3,0,314489.0
4090,6,1,2,0,2000,24,Suburb,Good,0,2,1,560418.93
5415,1,1,1,3,1993,31,Uptown,Excellent,3,2,1,970967.69
1229,4,1,3,1,2009,15,Downtown,Excellent,2,3,0,316642.09
1255,3,3,3,3,1973,51,Downtown,Good,3,3,0,269498.45
3075,3,3,3,2,1990,34,Uptown,Excellent,0,2,1,589298.07
4215,6,3,2,3,1971,53,Uptown,Good,1,0,0,652355.99
1978,5,1,3,1,1985,39,Suburb,Excellent,5,1,1,368271.33
1624,2,3,2,0,1989,35,Downtown,Good,0,1,0,306131.06
2047,6,3,3,0,2013,11,Waterfront,Poor,4,0,0,366533.33
4456,4,2,3,2,2002,22,Suburb,Poor,5,0,1,443866.57
5175,3,2,1,1,1988,36,Suburb,Poor,5,1,0,490676.54
4739,6,4,3,2,2008,16,Downtown,Good,4,1,1,959816.18
3274,5,2,1,3,2018,6,Suburb,Average,1,2,0,419686.11
5958,2,1,3,2,1965,59,Uptown,Average,5,0,0,803068.8
3718,3,4,3,1,1979,45,Uptown,Average,4,2,0,562367.22
3766,1,2,2,0,2012,12,Downtown,Average,5,1,0,667403.0
2313,1,1,1,1,2002,22,Downtown,Excellent,1,3,0,454081.13
3436,3,2,3,0,2002,22,Downtown,Good,5,0,0,656423.85
2369,4,2,3,3,2022,2,Downtown,Poor,2,3,0,356103.58
5063,4,1,2,0,1993,31,Countryside,Good,5,3,1,585359.29
4003,6,5,1,0,1984,40,Uptown,Good,1,2,1,688050.44
4770,4,5,2,2,2016,8,Countryside,Average,2,2,0,525307.31
5633,6,5,1,0,2010,14,Countryside,Average,5,2,1,585404.25
5034,4,4,3,0,1978,46,Uptown,Average,3,0,1,749869.68
5796,5,2,3,1,2022,2,Countryside,Poor,5,0,1,475770.88
4579,3,4,1,1,1967,57,Uptown,Average,5,0,1,659395.07
2267,5,1,1,0,1965,59,Countryside,Poor,2,2,0,190465.83
4229,1,1,1,2,1982,42,Countryside,Excellent,3,1,1,515373.87
5922,3,2,3,1,2007,17,Uptown,Average,5,2,0,832218.05
3080,2,1,1,0,1982,42,Uptown,Excellent,5,0,1,577742.71
3972,4,1,2,0,2017,7,Suburb,Excellent,5,2,0,637567.64
1598,6,2,3,2,2012,12,Countryside,Excellent,2,1,1,271164.39
1764,4,5,1,2,2021,3,Downtown,Poor,0,0,0,289143.37
4940,2,1,3,2,1978,46,Downtown,Poor,5,2,0,649838.52
2164,2,3,1,1,1975,49,Uptown,Poor,1,1,0,273785.57
2014,2,2,2,0,2011,13,Suburb,Poor,3,0,0,228980.09
978,4,1,1,0,1985,39,Uptown,Excellent,2,0,1,235448.43
2181,2,1,1,3,2001,23,Waterfront,Good,4,2,0,489540.95
5627,3,4,3,1,2023,1,Downtown,Good,4,2,0,1059132.42
1048,2,1,3,1,2013,11,Uptown,Average,4,2,0,166220.88
3777,2,3,1,2,1990,34,Downtown,Average,1,3,1,644152.71
1231,2,3,2,2,2017,7,Countryside,Good,2,1,1,187060.04
1715,5,3,2,2,2019,5,Countryside,Good,5,3,1,255348.45
4812,4,3,3,1,2008,16,Countryside,Good,3,2,1,566016.39
2852,1,2,3,1,1999,25,Countryside,Poor,1,3,1,236463.92
4274,5,5,3,2,1969,55,Suburb,Poor,0,1,1,445826.1
1413,6,5,2,0,2014,10,Downtown,Good,2,1,0,359407.21
5494,3,2,1,1,2010,14,Suburb,Poor,4,1,1,530638.84
2394,6,3,3,3,2007,17,Countryside,Average,0,0,0,266590.2
5303,3,3,3,1,2004,20,Countryside,Excellent,2,3,1,683078.35
1466,4,1,3,2,2001,23,Waterfront,Excellent,1,2,1,408645.19
2756,3,4,1,3,1991,33,Countryside,Poor,5,2,1,254361.09
946,5,5,3,2,1976,48,Uptown,Poor,3,2,1,189619.17
5954,6,3,3,1,1995,29,Countryside,Good,4,0,1,673682.39
1483,5,4,1,0,1960,64,Suburb,Good,3,1,0,228877.54
2490,5,5,1,1,1973,51,Countryside,Good,1,0,0,290875.53
5569,1,2,2,0,1979,45,Waterfront,Excellent,4,1,0,1221406.54
5443,2,3,2,3,1980,44,Suburb,Good,5,0,0,735440.87
4231,3,1,1,3,1968,56,Waterfront,Good,0,1,0,836551.85
3221,5,3,2,0,1977,47,Downtown,Average,0,0,1,612719.13
3831,5,2,3,2,2018,6,Downtown,Poor,1,0,0,554627.89
3520,1,1,3,2,2020,4,Suburb,Excellent,1,2,1,561476.63
998,6,2,2,1,1963,61,Countryside,Average,1,1,0,112870.38
692,4,1,2,2,1988,36,Waterfront,Good,5,0,0,216374.7
2367,2,3,3,1,2023,1,Uptown,Poor,2,1,1,289661.41
5131,3,2,3,0,2014,10,Uptown,Average,5,1,0,723426.64
4105,3,4,2,0,2010,14,Downtown,Good,1,0,0,790291.07
621,1,2,2,2,1984,40,Countryside,Poor,2,0,1,50475.38
2005,3,2,1,0,2011,13,Waterfront,Excellent,5,0,0,512836.24
560,6,2,1,3,1969,55,Countryside,Excellent,0,2,0,114953.28
3962,4,5,3,3,1974,50,Suburb,Good,4,3,1,573772.76
3206,2,2,2,0,1976,48,Waterfront,Poor,5,1,1,481664.44
3420,4,1,2,2,2012,12,Suburb,Good,2,1,1,494557.44
4986,4,3,2,0,1974,50,Uptown,Excellent,2,0,0,876702.24
2090,2,1,3,1,2014,10,Waterfront,Good,2,2,0,453248.89
3228,3,2,3,1,2002,22,Downtown,Excellent,4,1,1,730774.53
2259,6,2,3,1,1993,31,Uptown,Excellent,5,3,0,487809.01
4578,2,3,1,3,1974,50,Countryside,Poor,0,3,1,353963.29
2734,2,2,2,2,1995,29,Suburb,Average,4,2,0,334071.71
2621,1,1,3,0,1997,27,Downtown,Excellent,5,3,0,575976.32
5323,5,1,2,3,2016,8,Uptown,Good,0,3,0,851665.27
1617,2,3,1,0,1977,47,Waterfront,Poor,1,0,0,223075.84
2821,2,1,1,1,1976,48,Downtown,Good,0,0,0,486950.25
5154,3,4,1,0,1974,50,Countryside,Average,3,0,0,493633.07
5126,2,2,1,1,1985,39,Uptown,Excellent,1,3,0,853995.64
4772,3,3,1,2,1985,39,Countryside,Poor,3,3,0,378069.95
4201,6,4,1,1,2021,3,Downtown,Excellent,0,1,1,961125.33
3728,4,4,3,0,1973,51,Countryside,Good,1,1,0,444194.23
5133,1,1,3,2,2011,13,Uptown,Excellent,1,2,1,901070.42
1663,2,1,1,1,1983,41,Suburb,Poor,1,0,1,130343.75
5591,2,2,1,2,1974,50,Waterfront,Average,0,1,1,980835.46
5494,4,2,2,3,1978,46,Suburb,Poor,4,1,1,545643.82
2496,4,2,3,1,1989,35,Waterfront,Average,2,1,1,525082.95
642,3,2,1,2,2012,12,Waterfront,Excellent,2,0,1,253094.79
5773,5,5,1,2,1997,27,Suburb,Poor,4,2,0,580384.62
3809,2,1,2,1,1976,48,Downtown,Average,5,2,0,629928.45
4340,4,4,2,0,1993,31,Suburb,Excellent,5,0,1,701172.0
3583,1,2,2,1,1967,57,Waterfront,Average,2,2,0,631807.45
3442,4,1,2,3,2017,7,Countryside,Poor,4,3,1,288097.25
1373,4,5,2,3,2013,11,Suburb,Excellent,5,0,1,330360.91
1829,6,4,3,2,1968,56,Downtown,Good,5,1,1,434352.83
1969,2,2,1,2,2009,15,Countryside,Good,4,3,1,261801.63
4424,1,2,3,3,1992,32,Countryside,Good,3,0,1,478515.09
2830,2,2,1,3,2001,23,Suburb,Good,0,2,0,400834.9
1237,1,2,2,2,1988,36,Downtown,Excellent,1,1,0,265593.41
4374,3,2,1,1,1977,47,Waterfront,Good,3,0,1,891514.63
842,4,1,3,1,2017,7,Suburb,Poor,0,2,0,99641.68
3462,2,1,2,2,2017,7,Countryside,Good,0,3,1,408333.77
1045,5,1,2,0,2007,17,Waterfront,Good,5,1,0,275735.31
3163,3,2,2,2,1971,53,Suburb,Average,3,3,1,398994.76
3136,5,4,2,2,1996,28,Suburb,Good,3,3,0,497813.94
3091,5,5,1,2,1969,55,Uptown,Excellent,0,0,1,611749.14
5797,2,3,3,3,1987,37,Countryside,Average,3,0,1,550462.63
4621,5,5,3,0,1980,44,Waterfront,Excellent,0,2,0,1110442.43
2459,5,3,2,0,2022,2,Uptown,Poor,4,1,0,282401.73
3303,6,4,3,0,1993,31,Suburb,Excellent,1,0,1,580953.61
1069,6,3,2,1,1963,61,Waterfront,Excellent,0,3,0,334064.47
720,3,2,3,1,1971,53,Uptown,Average,1,3,1,158344.55
5399,1,1,2,3,1996,28,Countryside,Excellent,4,0,1,666699.92
4586,2,1,2,3,1988,36,Downtown,Average,4,1,0,772831.04
3599,2,1,2,1,1960,64,Suburb,Excellent,2,2,1,562142.87
5156,6,4,1,2,1968,56,Uptown,Average,1,0,1,757179.4
4315,6,3,3,1,2014,10,Downtown,Poor,1,3,0,614940.89
5555,6,4,2,3,1962,62,Downtown,Good,1,0,1,1056601.54
1087,5,4,3,3,1990,34,Suburb,Average,5,0,1,186713.75
3557,5,5,3,1,2004,20,Suburb,Good,5,3,1,563161.82
518,5,4,3,0,2003,21,Waterfront,Poor,2,1,1,148204.72
952,2,2,2,1,1986,38,Uptown,Poor,2,0,1,132114.17
1716,4,1,3,1,1980,44,Waterfront,Excellent,0,0,0,436587.14
2694,4,2,1,0,1973,51,Downtown,Good,4,2,0,507431.5
4375,2,2,3,1,2016,8,Downtown,Average,1,2,0,745744.87
4088,5,2,3,1,2016,8,Waterfront,Average,0,0,0,790590.88
1910,2,1,3,0,1999,25,Countryside,Excellent,4,1,0,239147.22
4437,5,3,1,0,2008,16,Downtown,Excellent,4,1,0,952257.99
1003,6,2,2,2,1979,45,Downtown,Excellent,2,2,1,344494.91
2052,5,2,1,1,2018,6,Downtown,Average,3,3,0,396940.56
3959,6,1,1,1,1971,53,Uptown,Poor,4,0,1,489107.52
2461,1,1,2,0,1989,35,Countryside,Average,0,0,0,234158.78
1811,4,1,3,3,1983,41,Uptown,Excellent,2,1,0,378514.34
3892,5,1,1,0,1969,55,Countryside,Average,5,2,1,387484.28
5765,6,3,2,2,1998,26,Downtown,Excellent,1,3,1,1290827.58
5527,2,2,3,2,1968,56,Countryside,Excellent,5,3,0,680503.59
5798,3,2,1,1,1987,37,Uptown,Average,3,3,0,792823.41
5411,4,5,2,2,1963,61,Downtown,Excellent,0,2,1,1144308.97
4773,2,2,3,1,1961,63,Suburb,Average,5,3,1,579593.11
2002,3,4,3,2,1998,26,Suburb,Good,1,1,0,332660.75
4909,3,2,2,3,1974,50,Suburb,Excellent,1,3,0,752661.98
4134,3,1,1,3,1976,48,Waterfront,Poor,1,3,1,611866.09
5671,6,3,1,3,1969,55,Downtown,Average,4,2,0,960662.38
1454,3,3,1,0,1999,25,Countryside,Average,3,0,1,174156.36
3895,6,5,3,1,1976,48,Uptown,Poor,0,2,0,439932.36
4766,3,2,2,2,2002,22,Countryside,Average,3,1,1,469025.08
1227,5,4,3,2,1972,52,Downtown,Excellent,4,0,1,333701.15
4457,5,3,3,3,1964,60,Suburb,Average,5,2,0,596937.28
2429,2,2,3,3,1990,34,Countryside,Excellent,4,1,1,336530.63
2988,2,2,1,3,1966,58,Downtown,Excellent,2,1,0,591161.66
4490,3,2,2,1,1961,63,Uptown,Excellent,3,0,0,799203.61
5908,6,2,3,0,1998,26,Suburb,Good,5,0,0,819442.2
4326,2,3,2,2,2007,17,Uptown,Good,0,3,1,693848.29
2897,5,1,3,0,2014,10,Uptown,Excellent,4,3,1,634306.81
4433,2,1,3,1,2023,1,Suburb,Average,4,2,1,584739.65
4136,2,3,3,0,2023,1,Waterfront,Good,4,1,0,865765.73
5367,6,3,1,3,1970,54,Downtown,Good,1,2,0,988339.11
1625,6,2,3,3,1970,54,Suburb,Average,0,2,0,219085.86
3862,4,1,1,2,1997,27,Uptown,Average,2,1,1,569936.25
1469,5,1,2,1,2019,5,Waterfront,Average,1,1,1,346396.52
1001,5,1,3,1,2007,17,Downtown,Average,1,0,1,252430.99
3917,6,4,2,3,1964,60,Countryside,Poor,0,3,0,331587.54
758,4,5,3,2,1980,44,Suburb,Good,2,1,1,172303.44
3745,1,1,1,0,1966,58,Waterfront,Poor,2,1,0,478155.65
1971,4,2,2,2,2009,15,Downtown,Excellent,0,2,1,502315.57
4375,4,5,2,0,1981,43,Downtown,Poor,4,3,1,633899.41
5007,6,5,1,0,1968,56,Downtown,Average,2,3,0,870999.25
1226,5,5,2,2,2001,23,Uptown,Excellent,2,1,1,360900.03
3381,1,1,1,2,1960,64,Suburb,Good,3,0,1,455957.71
813,6,5,2,1,2017,7,Suburb,Average,1,3,1,170973.14
1304,4,4,1,0,1976,48,Countryside,Excellent,4,3,0,181646.96
4641,3,4,2,3,2003,21,Waterfront,Good,4,0,1,1006648.55
3058,2,3,3,0,2010,14,Downtown,Good,2,0,0,595759.57
2941,3,2,2,2,2000,24,Suburb,Good,2,2,0,419284.19
4287,1,2,1,0,2007,17,Suburb,Excellent,3,3,1,654642.01
1856,1,2,3,3,1989,35,Uptown,Excellent,0,3,1,376705.2
3142,1,1,3,1,1983,41,Countryside,Excellent,3,0,0,364499.54
3239,5,2,2,3,2000,24,Suburb,Good,1,0,1,487734.44
2931,4,5,2,1,1980,44,Downtown,Poor,3,2,0,426505.22
737,6,3,1,2,2017,7,Suburb,Average,2,3,1,163845.89
1254,1,1,3,0,1977,47,Uptown,Poor,4,2,1,129296.46
3908,2,2,2,2,1976,48,Waterfront,Excellent,1,0,0,872062.98
5524,4,4,2,0,2021,3,Downtown,Excellent,4,1,1,1198505.82
1181,5,5,2,1,2016,8,Downtown,Poor,2,1,0,211986.48
4657,2,2,1,1,1977,47,Suburb,Average,3,1,1,577695.03
1615,4,5,2,3,1964,60,Waterfront,Average,4,0,1,363177.25
1555,1,2,3,1,2009,15,Uptown,Excellent,2,1,0,298696.74
4981,6,3,2,3,1984,40,Countryside,Excellent,3,2,0,641337.63
970,1,2,1,1,2000,24,Uptown,Poor,3,2,1,123807.34
557,2,2,3,2,1984,40,Suburb,Excellent,5,2,0,114835.42
1977,6,3,1,2,1985,39,Downtown,Good,4,1,0,446275.17
3263,1,2,2,2,1998,26,Suburb,Good,1,0,1,447867.42
1115,4,4,2,0,2018,6,Suburb,Average,4,3,1,195138.14
1852,3,4,1,2,1964,60,Countryside,Average,2,2,0,197055.16
5147,2,3,2,2,2023,1,Suburb,Good,4,2,1,721622.45
866,2,1,2,3,2012,12,Waterfront,Excellent,1,0,1,303849.4
3522,5,4,1,2,1982,42,Downtown,Average,1,1,0,593552.6
3476,2,1,1,1,1961,63,Downtown,Good,5,1,1,648978.82
605,2,3,1,3,1987,37,Suburb,Excellent,5,0,1,150590.76
5369,2,3,3,1,1981,43,Countryside,Average,1,0,0,521852.0
5320,1,2,1,2,2018,6,Downtown,Average,3,1,0,868267.49
5653,3,2,3,2,2001,23,Countryside,Good,0,2,0,614556.78
3781,1,2,1,2,1970,54,Downtown,Good,3,0,0,673520.2
832,1,2,1,0,1975,49,Countryside,Good,3,2,0,116228.1
4397,6,5,3,3,2013,11,Uptown,Average,1,0,0,669326.8
2611,3,2,3,1,1997,27,Countryside,Poor,1,0,0,207938.58
5101,6,1,1,0,1962,62,Suburb,Good,0,1,0,671802.29
3562,4,4,1,0,2022,2,Countryside,Poor,1,3,0,297714.44
575,4,2,2,1,1982,42,Waterfront,Excellent,4,2,0,245705.58
4177,6,5,3,3,2019,5,Countryside,Average,0,1,1,484814.25
1116,3,3,2,2,1996,28,Waterfront,Good,4,3,0,305576.57
4633,4,2,1,1,2016,8,Suburb,Good,0,0,0,641121.7
3284,1,1,1,0,1978,46,Uptown,Poor,0,0,0,354471.71
2517,6,5,1,2,2013,11,Countryside,Poor,4,3,0,250257.72
4664,6,1,2,3,2019,5,Suburb,Poor,3,0,0,478478.16
5475,4,1,2,2,2023,1,Suburb,Excellent,3,2,1,884231.61
1509,4,1,3,0,1981,43,Downtown,Good,1,0,1,325803.55
4655,3,4,2,1,1988,36,Waterfront,Good,0,0,0,959718.01
900,1,1,1,1,1973,51,Waterfront,Poor,5,2,0,85424.84
2273,1,1,2,0,1992,32,Waterfront,Good,0,2,0,432448.09
4921,3,4,1,1,1979,45,Downtown,Poor,1,1,1,648629.39
944,5,1,3,3,1994,30,Suburb,Poor,5,3,0,141349.02
4324,5,2,3,3,2007,17,Downtown,Poor,0,1,1,621977.27
2172,4,5,1,1,1962,62,Uptown,Good,0,2,0,351090.41
1624,6,5,2,2,1974,50,Waterfront,Good,0,1,1,433797.35
3181,3,3,1,1,1991,33,Downtown,Good,3,3,1,639713.0
995,5,3,1,2,1991,33,Uptown,Good,5,1,0,238727.94
4915,4,2,2,2,1989,35,Waterfront,Poor,2,2,0,737994.54
4370,1,2,3,3,1989,35,Countryside,Poor,2,0,0,335456.81
3935,2,3,2,1,1997,27,Countryside,Good,2,2,1,466951.47
2027,2,3,1,2,1996,28,Suburb,Average,5,1,1,322483.17
4054,3,3,3,0,1998,26,Uptown,Average,0,0,1,589119.85
3742,3,4,2,0,2019,5,Uptown,Poor,1,2,0,417524.22
4696,5,2,2,0,1967,57,Countryside,Excellent,0,2,0,571093.76
2773,6,3,1,1,1961,63,Waterfront,Excellent,5,3,1,722667.3
3833,3,2,1,3,1983,41,Suburb,Poor,2,1,1,397212.39
3595,1,2,1,2,1987,37,Uptown,Average,4,1,0,486360.09
5661,4,3,2,1,1977,47,Uptown,Poor,1,1,0,625781.12
1492,1,2,2,3,1998,26,Suburb,Excellent,4,1,0,244285.57
3023,6,5,2,1,1963,61,Suburb,Good,3,3,0,464918.6
1530,6,4,1,2,2003,21,Suburb,Good,3,2,1,280059.48
3322,5,2,2,2,2017,7,Downtown,Poor,2,1,0,446256.05
5411,5,2,1,3,1973,51,Uptown,Excellent,2,2,0,947793.91
5693,4,3,3,2,1987,37,Waterfront,Average,5,0,1,1065131.8
1917,3,2,2,2,1996,28,Downtown,Good,2,3,1,423939.91
878,6,2,1,2,1961,63,Waterfront,Excellent,1,1,1,289378.91
4778,5,4,1,2,1965,59,Uptown,Average,4,2,1,718106.35
1009,5,1,2,3,2016,8,Suburb,Good,0,3,0,209297.54
2277,5,4,2,0,1962,62,Uptown,Good,5,3,1,434678.63
5627,3,3,1,1,1997,27,Waterfront,Average,3,3,1,1042230.96
4435,4,1,1,2,2005,19,Uptown,Good,4,0,0,703368.87
904,2,1,1,1,1965,59,Countryside,Excellent,4,0,1,131875.25
5420,6,2,1,0,2000,24,Countryside,Average,3,1,0,519027.63
2600,2,2,3,3,1999,25,Downtown,Poor,5,3,0,360305.11
1297,4,3,1,3,1990,34,Countryside,Average,3,3,1,170848.32
2260,2,1,3,2,1971,53,Countryside,Average,1,1,1,246485.69
589,1,1,2,0,1972,52,Uptown,Excellent,3,0,1,85995.0
4879,4,3,3,2,1999,25,Downtown,Poor,1,3,0,631854.12
2236,6,3,1,0,2014,10,Waterfront,Excellent,4,3,1,658183.3
1167,3,1,3,2,2006,18,Countryside,Good,4,2,0,175340.05
3690,2,2,2,3,1976,48,Uptown,Average,0,1,0,477550.7
2031,2,1,1,3,2018,6,Waterfront,Good,3,3,0,454245.98
1731,3,4,2,1,2012,12,Waterfront,Excellent,3,1,0,500135.71
5508,1,1,2,3,1971,53,Downtown,Average,1,2,1,874670.06
5113,2,3,3,1,1997,27,Downtown,Good,4,1,1,946445.33
3303,6,3,2,3,2016,8,Uptown,Excellent,3,1,0,682173.92
2439,5,1,2,2,1988,36,Countryside,Poor,2,1,0,188284.64
2158,6,4,2,1,1966,58,Suburb,Excellent,5,1,0,422153.94
4129,6,1,1,2,2018,6,Uptown,Good,0,3,1,701279.28
5107,2,1,3,2,2021,3,Countryside,Excellent,3,2,0,637889.88
766,6,3,1,1,2006,18,Suburb,Poor,4,0,1,160151.02
5147,3,3,2,0,2010,14,Countryside,Average,5,3,1,531017.98
5509,4,3,3,3,2008,16,Downtown,Poor,4,1,0,724369.52
4247,5,5,3,0,1966,58,Suburb,Excellent,4,1,0,682785.67
2772,2,3,1,3,1994,30,Uptown,Poor,3,0,0,327510.84
4506,1,2,2,2,1970,54,Waterfront,Poor,5,0,0,642905.09
1882,1,1,2,2,1963,61,Countryside,Excellent,1,0,1,240682.17
3487,4,3,3,1,1967,57,Waterfront,Excellent,1,0,1,854485.74
3262,6,5,2,2,2016,8,Countryside,Good,2,0,0,441066.98
2221,6,1,1,0,2020,4,Uptown,Good,0,0,0,376659.53
5746,1,1,2,1,1969,55,Uptown,Average,0,0,0,722410.99
3013,1,2,3,2,1976,48,Waterfront,Poor,4,1,0,433547.29
1097,5,1,2,2,1981,43,Waterfront,Poor,3,1,1,223663.08
4586,1,2,3,2,1979,45,Downtown,Good,3,0,0,800596.89
1569,6,4,1,3,1967,57,Countryside,Excellent,2,0,1,248654.71
4549,6,1,3,0,1992,32,Waterfront,Good,4,2,0,963138.13
1907,6,3,3,2,2022,2,Downtown,Good,2,3,0,451813.58
5072,3,1,1,0,2016,8,Uptown,Poor,2,0,0,547487.09
5333,2,2,3,3,1965,59,Uptown,Poor,3,2,0,583763.9
1248,5,1,2,1,1981,43,Downtown,Poor,0,0,0,195140.07
4539,3,4,2,0,1965,59,Countryside,Good,0,3,1,503583.29
3741,2,3,3,2,1995,29,Uptown,Average,0,0,1,540702.21
3996,2,1,3,2,2020,4,Downtown,Good,3,1,1,775730.44
4793,3,4,3,2,1974,50,Waterfront,Poor,3,1,1,699883.26
5676,2,2,3,2,1977,47,Suburb,Poor,0,3,1,536013.62
3386,6,2,1,2,1960,64,Suburb,Poor,0,2,1,324945.23
3784,4,5,3,0,1983,41,Uptown,Average,3,1,1,597460.5
4024,3,4,3,2,1972,52,Waterfront,Poor,5,1,1,612983.92
5955,6,1,1,2,2010,14,Countryside,Average,4,0,0,603163.44
1661,3,2,2,3,2006,18,Suburb,Good,1,3,1,248336.5
3942,1,2,1,1,2001,23,Suburb,Excellent,5,3,0,624095.24
4935,5,3,1,3,1968,56,Downtown,Poor,5,1,1,668445.19
1373,3,3,1,1,1978,46,Waterfront,Poor,0,2,0,223283.19
3696,1,2,2,1,2021,3,Waterfront,Excellent,0,1,1,888999.76
738,4,4,2,2,2016,8,Suburb,Poor,3,0,1,119853.13
3312,3,4,2,3,1992,32,Suburb,Average,0,3,0,437636.96
3564,5,2,1,1,1980,44,Downtown,Poor,2,0,0,482684.83
3786,4,1,3,0,1965,59,Suburb,Average,0,3,0,430005.56
2340,1,1,2,0,1990,34,Suburb,Excellent,5,0,1,370752.2
5647,4,4,3,3,1997,27,Suburb,Excellent,4,2,1,935250.03
1629,2,1,3,0,1960,64,Uptown,Poor,4,3,1,199457.33
5338,5,2,2,3,1960,64,Waterfront,Excellent,4,3,0,1263714.33
1039,5,3,1,0,1993,31,Waterfront,Good,2,3,1,318231.26
3891,1,1,1,1,1967,57,Waterfront,Excellent,2,1,0,806399.5
2436,3,4,1,1,1996,28,Downtown,Poor,3,1,1,368564.72
4031,2,2,3,1,1989,35,Suburb,Good,5,1,1,576541.13
1629,4,1,1,3,2007,17,Suburb,Excellent,4,3,1,319331.45
2694,6,3,3,0,2002,22,Uptown,Poor,4,1,0,355468.53
3389,2,2,2,0,2005,19,Countryside,Average,1,2,1,307188.83
3255,2,3,3,0,1978,46,Waterfront,Average,0,1,0,594839.52
2366,6,1,3,3,1966,58,Suburb,Poor,5,0,0,248290.92
2570,5,1,2,1,1975,49,Downtown,Poor,4,2,0,369008.69
1472,5,2,3,0,2007,17,Suburb,Good,5,3,1,291464.74
2524,2,3,3,1,1969,55,Countryside,Good,5,3,0,275960.31
3011,3,2,3,0,2000,24,Countryside,Excellent,1,3,0,387424.38
3602,2,2,2,3,1977,47,Downtown,Average,4,2,1,643064.9
5755,3,3,3,1,1976,48,Uptown,Excellent,5,2,0,981720.8
5758,4,3,1,2,2005,19,Countryside,Poor,3,2,1,452654.12
4507,6,4,3,0,2011,13,Uptown,Poor,3,2,0,525394.32
576,2,2,2,0,1998,26,Uptown,Good,2,3,0,146998.65
3648,5,2,1,1,1969,55,Waterfront,Good,0,0,1,757809.4
2899,1,1,2,1,1972,52,Countryside,Average,1,0,1,278800.08
542,4,3,1,3,1979,45,Countryside,Excellent,0,2,1,119790.85
1812,6,3,3,1,2022,2,Uptown,Good,5,1,0,385395.02
3377,4,2,2,3,1997,27,Downtown,Good,3,2,0,668040.34
4521,1,1,2,1,1979,45,Downtown,Poor,0,1,0,561653.36
3914,5,5,1,3,1975,49,Waterfront,Poor,4,2,0,606095.91
4353,4,2,3,0,1977,47,Countryside,Good,0,2,0,466980.04
5940,3,1,3,2,2008,16,Waterfront,Average,2,0,1,1110451.69
3416,4,4,1,2,1968,56,Suburb,Excellent,1,1,0,508844.84
2826,3,1,1,0,1987,37,Countryside,Average,3,0,1,273564.53
3622,1,1,3,0,1974,50,Countryside,Poor,5,3,0,288582.12
5259,4,3,1,1,1995,29,Uptown,Good,0,0,1,825237.98
5630,1,2,2,1,2022,2,Downtown,Average,3,3,0,931128.83
1780,1,1,3,3,1964,60,Waterfront,Excellent,2,2,0,404773.91
788,2,2,2,0,1985,39,Suburb,Excellent,1,2,1,132497.59
5059,6,5,3,2,1974,50,Countryside,Poor,1,1,0,410046.44
3899,4,4,2,2,2012,12,Suburb,Excellent,0,3,1,674809.82
5170,1,1,2,0,1998,26,Uptown,Average,4,3,1,738623.68
1538,2,1,3,3,1968,56,Uptown,Poor,3,0,0,201694.11
5970,4,2,3,0,2021,3,Waterfront,Good,5,2,0,1230651.79
1658,2,1,2,1,2007,17,Waterfront,Average,3,1,0,317051.1
3638,2,3,3,0,2011,13,Waterfront,Poor,3,3,0,552836.99
591,5,5,2,3,2010,14,Suburb,Good,5,0,1,181125.15
777,1,1,2,1,2002,22,Suburb,Average,1,1,1,106113.48
1757,3,1,1,0,1990,34,Downtown,Excellent,1,2,0,386132.57
3336,4,2,1,2,1974,50,Waterfront,Excellent,0,3,1,791304.16
3528,6,2,3,1,1978,46,Countryside,Good,5,3,0,425196.62
5063,2,2,2,1,1987,37,Waterfront,Average,2,0,1,898259.57
2379,5,5,3,3,2010,14,Countryside,Excellent,2,1,0,356796.27
5899,2,1,2,3,1977,47,Uptown,Poor,1,0,0,623740.98
3980,3,3,2,0,1984,40,Downtown,Good,1,3,0,700960.59
3086,1,2,2,0,2020,4,Countryside,Average,3,0,0,304668.99
4954,2,2,2,0,2000,24,Countryside,Good,4,2,0,538577.07
5818,3,3,2,2,1983,41,Suburb,Excellent,4,3,1,921846.72
4798,5,1,1,3,1966,58,Countryside,Average,0,2,1,458806.24
1536,3,4,1,1,1981,43,Uptown,Poor,4,0,1,206998.01
4186,4,2,1,2,1990,34,Uptown,Poor,0,2,1,480825.79
3329,2,1,3,1,1983,41,Uptown,Good,2,0,1,525985.03
4802,2,1,1,0,1960,64,Countryside,Good,5,1,0,480727.92
5693,3,2,1,3,2015,9,Suburb,Poor,4,0,0,541738.99
5225,6,5,2,3,1990,34,Waterfront,Average,2,1,1,1026632.43
5569,2,1,2,3,1991,33,Suburb,Poor,1,3,1,529573.47
756,1,1,1,1,1984,40,Suburb,Excellent,2,3,0,133284.69
4978,1,2,1,0,2007,17,Downtown,Average,0,3,0,793752.25
3340,1,2,2,1,1962,62,Downtown,Average,3,2,0,536385.23
5029,2,1,1,3,2005,19,Uptown,Excellent,0,0,1,886850.97
5559,1,2,1,1,2001,23,Downtown,Poor,2,2,1,711768.03
4825,5,2,1,3,1983,41,Downtown,Good,3,0,1,944031.55
4390,3,2,2,0,2017,7,Countryside,Poor,5,2,1,356576.37
5779,1,1,1,2,2012,12,Waterfront,Good,4,1,1,1169650.86
4707,4,4,2,1,2014,10,Downtown,Excellent,2,1,0,1057970.12
2396,6,5,3,3,2010,14,Countryside,Excellent,5,0,0,422813.69
3469,1,2,3,1,1976,48,Waterfront,Good,5,2,1,718075.87
5099,4,1,3,0,1961,63,Downtown,Poor,5,0,0,651636.75
5059,3,2,2,3,1967,57,Countryside,Good,1,0,0,550100.79
2884,3,2,1,2,1966,58,Downtown,Average,4,1,1,508324.62
5365,2,2,3,2,1992,32,Countryside,Excellent,5,3,0,670793.36
4592,6,4,1,2,1975,49,Countryside,Excellent,2,1,1,588329.76
3154,4,5,3,3,2018,6,Uptown,Average,1,3,0,525558.21
1156,2,3,1,3,1960,64,Waterfront,Average,4,3,1,256141.18
2148,4,2,3,0,1963,61,Suburb,Poor,4,3,0,235267.8
2216,4,1,3,1,2006,18,Suburb,Poor,1,0,0,230143.86
3039,1,1,3,0,1978,46,Waterfront,Excellent,0,3,0,652220.57
1488,2,2,1,1,2009,15,Countryside,Excellent,5,3,0,222043.42
951,5,5,3,2,1980,44,Suburb,Excellent,1,2,1,250715.18
5195,3,1,1,2,2014,10,Uptown,Average,0,3,0,730393.21
4739,1,1,2,0,1971,53,Countryside,Good,0,0,0,490079.27
4675,1,2,2,0,1972,52,Uptown,Good,1,0,0,683239.65
5062,5,5,1,1,1992,32,Waterfront,Poor,2,0,1,773707.33
3898,6,5,1,2,1989,35,Uptown,Good,4,2,0,660393.35
3003,4,4,2,0,1992,32,Downtown,Excellent,5,1,1,716301.77
3444,4,2,1,0,1967,57,Uptown,Poor,4,0,0,350192.77
4607,1,2,1,2,2019,5,Countryside,Good,0,1,0,486713.64
1027,2,2,1,2,1993,31,Downtown,Good,0,0,1,222601.17
5513,3,1,1,2,2023,1,Uptown,Poor,1,0,0,603781.25
1492,2,3,2,3,2001,23,Downtown,Good,4,1,0,315758.35
2897,4,3,3,2,1977,47,Suburb,Poor,3,3,1,327173.92
1476,5,5,1,0,1986,38,Waterfront,Poor,5,3,1,276443.98
1554,5,4,3,3,1967,57,Downtown,Good,3,1,1,397750.04
5638,4,4,2,0,1969,55,Uptown,Average,3,0,0,790809.67
4358,5,1,1,0,1986,38,Downtown,Poor,0,0,1,583366.65
707,2,1,3,0,1960,64,Uptown,Good,0,2,0,117272.82
1332,3,2,1,3,1962,62,Suburb,Excellent,1,0,0,221003.84
5275,3,2,2,0,1990,34,Downtown,Average,1,0,0,856192.23
5090,6,1,3,1,2002,22,Waterfront,Average,0,3,1,990476.81
4483,4,5,1,0,2023,1,Countryside,Excellent,4,3,1,590842.82
2262,1,1,2,1,2015,9,Uptown,Excellent,0,1,1,429455.15
3600,3,4,1,0,2015,9,Suburb,Good,2,0,1,538651.1
4355,1,2,3,3,1996,28,Waterfront,Good,0,2,1,896966.24
4183,1,1,2,3,2015,9,Suburb,Excellent,2,1,0,651141.53
4351,4,5,1,2,2020,4,Downtown,Average,5,2,0,790967.33
3275,5,5,1,1,1968,56,Downtown,Average,4,1,1,595789.03
3648,5,3,2,3,1995,29,Suburb,Good,0,0,0,535989.03
3648,1,1,3,2,1966,58,Uptown,Average,2,0,1,514805.38
3044,4,1,1,1,1987,37,Downtown,Average,2,2,1,545114.16
4738,1,1,3,2,2004,20,Suburb,Poor,3,0,1,451402.41
4170,6,4,3,3,1978,46,Uptown,Good,2,2,0,703575.01
3580,5,5,2,2,2019,5,Suburb,Poor,4,2,0,381625.59
4272,5,3,2,3,1978,46,Downtown,Poor,5,3,0,596314.42
2997,6,3,1,2,2010,14,Countryside,Poor,5,3,0,271419.64
4040,2,3,3,3,1967,57,Uptown,Excellent,1,2,1,723941.03
678,2,1,2,0,2011,13,Uptown,Excellent,1,1,0,148319.55
5783,1,1,2,0,2001,23,Waterfront,Good,5,0,0,1113313.13
5637,6,2,3,3,1967,57,Waterfront,Average,2,3,0,1071136.65
4012,5,5,2,0,1988,36,Waterfront,Good,2,2,1,912409.46
3014,5,3,1,0,1969,55,Suburb,Good,3,0,1,407527.29
5705,5,5,1,0,2018,6,Countryside,Excellent,3,0,1,744786.94
3805,3,3,1,2,1987,37,Downtown,Poor,5,0,1,520862.6
3293,5,4,1,0,1990,34,Uptown,Poor,5,1,1,430988.68
654,3,2,1,2,2008,16,Countryside,Poor,1,0,0,72773.65
1397,1,1,1,2,2002,22,Suburb,Excellent,1,2,0,200618.67
1373,6,5,3,1,1971,53,Countryside,Average,4,3,0,165302.39
1637,4,5,3,2,1960,64,Countryside,Excellent,5,1,1,237631.03
4977,6,1,2,2,2017,7,Waterfront,Average,2,1,1,980296.52
4521,2,3,1,3,2000,24,Suburb,Excellent,3,3,0,726010.81
3806,5,2,2,3,2014,10,Waterfront,Poor,0,2,0,565504.73
1245,5,4,1,1,1987,37,Uptown,Good,1,1,1,256596.15
634,2,3,3,0,1999,25,Countryside,Excellent,1,2,1,124859.01
2540,4,2,3,1,1976,48,Uptown,Average,4,1,0,379645.89
2947,3,2,3,0,2007,17,Downtown,Excellent,2,2,0,643872.84
5903,5,1,3,0,2011,13,Countryside,Good,0,2,0,598041.53
2602,5,4,1,2,1988,36,Downtown,Average,3,2,1,502414.33
4790,1,1,1,0,1991,33,Downtown,Excellent,1,2,0,958028.54
734,5,4,2,0,1966,58,Uptown,Average,5,3,0,153687.05
5761,4,5,3,0,2019,5,Downtown,Average,2,2,0,996812.97
2576,5,2,2,0,2000,24,Downtown,Excellent,0,3,1,620991.77
2293,4,3,3,1,1974,50,Countryside,Good,1,2,1,299133.88
3386,6,3,2,1,1966,58,Uptown,Excellent,3,2,1,672640.76
1816,3,2,3,0,1989,35,Countryside,Average,1,2,0,195743.57
1060,1,1,1,0,2001,23,Waterfront,Average,5,2,0,223444.07
507,4,2,1,2,1988,36,Countryside,Excellent,5,3,0,94834.46
1618,1,2,2,0,1971,53,Countryside,Good,1,0,1,165996.08
3767,1,2,1,1,1977,47,Suburb,Average,4,0,1,446315.58
4587,1,1,1,1,1983,41,Countryside,Good,0,1,1,471988.94
5855,6,2,2,2,2013,11,Suburb,Poor,4,1,1,615080.96
3338,3,4,2,0,2000,24,Uptown,Average,5,1,0,477931.57
972,5,3,2,3,2006,18,Suburb,Average,3,2,0,205336.94
5044,2,2,2,2,2010,14,Uptown,Excellent,5,0,0,897581.65
4159,3,2,1,2,1984,40,Downtown,Poor,3,2,0,516674.55
4175,1,1,2,3,1963,61,Waterfront,Excellent,5,3,0,914613.68
4770,3,1,1,3,2000,24,Suburb,Average,0,3,0,589377.15
5357,2,3,2,0,1985,39,Suburb,Excellent,0,1,1,839421.83
1282,2,1,1,2,2018,6,Downtown,Poor,0,1,1,228945.7
5564,4,3,1,2,1990,34,Suburb,Poor,3,1,1,531736.41
1744,6,2,3,3,1988,36,Countryside,Poor,1,0,1,164656.22
4849,1,2,3,1,2017,7,Uptown,Good,0,3,0,753768.64
5734,1,2,2,1,2012,12,Suburb,Good,1,3,1,791798.41
5022,2,1,2,1,1963,61,Countryside,Good,0,3,0,514606.05
3978,5,5,3,2,2000,24,Uptown,Excellent,5,0,0,761602.93
3277,1,1,3,1,1968,56,Uptown,Good,5,0,1,531485.54
632,3,4,1,0,1988,36,Countryside,Good,1,0,1,91478.42
2854,2,2,2,0,1964,60,Suburb,Good,2,3,0,359768.51
3366,2,1,3,3,1991,33,Countryside,Poor,2,1,1,259004.78
2455,6,3,2,3,2018,6,Waterfront,Average,1,0,0,541012.38
1745,6,3,2,2,1988,36,Countryside,Excellent,3,3,1,289176.3
4877,3,3,3,3,2016,8,Downtown,Poor,0,2,0,644447.32
4154,1,1,1,1,2019,5,Suburb,Average,3,1,0,493046.99
1829,5,2,2,1,2008,16,Waterfront,Excellent,2,3,1,536468.33
1869,6,1,1,2,1984,40,Suburb,Average,1,3,1,262860.51
3322,5,5,1,3,1979,45,Suburb,Poor,2,1,0,365012.72
1069,5,2,3,0,1994,30,Downtown,Good,2,0,1,265987.1
558,3,3,2,2,1965,59,Uptown,Average,4,2,0,106088.23
3411,5,3,2,0,2021,3,Uptown,Good,1,2,0,574589.75
2149,2,1,2,1,1974,50,Waterfront,Average,4,0,0,391469.45
2415,4,4,2,1,2017,7,Uptown,Poor,0,3,1,315337.54
3995,1,2,3,0,1967,57,Waterfront,Poor,5,2,0,543026.7
3875,1,1,2,1,1973,51,Countryside,Average,4,1,0,383357.42
3388,4,2,3,3,1990,34,Downtown,Excellent,4,0,1,771357.91
1125,3,3,1,3,2020,4,Suburb,Good,4,3,0,225675.7
4029,4,2,1,0,2020,4,Uptown,Poor,1,2,0,458600.58
4380,5,2,1,1,2023,1,Waterfront,Poor,0,3,1,681084.34
2310,3,3,3,1,2018,6,Suburb,Good,4,1,1,365366.17
3117,4,3,3,0,2021,3,Downtown,Good,4,1,0,629722.23
2886,5,4,1,3,1999,25,Waterfront,Good,4,0,1,683516.94
1083,3,1,2,0,2016,8,Suburb,Average,3,0,0,184960.78
3011,2,1,1,2,2007,17,Uptown,Poor,1,3,0,341102.34
3327,6,3,3,0,2012,12,Waterfront,Good,2,0,0,767418.1
2227,1,2,2,0,1980,44,Uptown,Good,3,1,0,348925.5
4006,1,1,3,1,2016,8,Suburb,Average,1,1,1,517771.71
5149,3,3,3,2,1967,57,Countryside,Good,4,0,1,580168.5
5329,4,4,1,0,2003,21,Countryside,Good,4,1,1,607580.95
5638,3,4,3,0,2007,17,Countryside,Poor,5,3,0,460232.32
1848,5,2,3,0,2020,4,Suburb,Good,4,3,1,320617.43
1914,5,5,2,2,2003,21,Countryside,Excellent,3,2,1,306290.8
5423,2,3,3,3,2000,24,Countryside,Poor,4,3,1,403753.28
1107,2,3,2,2,2017,7,Uptown,Poor,2,2,0,119801.4
3552,3,4,3,2,1979,45,Countryside,Excellent,4,0,1,473532.69
5388,2,1,2,0,2005,19,Downtown,Poor,1,2,0,686774.96
1980,1,2,3,3,1992,32,Waterfront,Average,4,2,1,404683.26
3050,6,3,1,1,2012,12,Countryside,Average,2,1,0,323448.16
511,4,5,3,0,1989,35,Suburb,Good,0,1,0,111740.06
3546,5,5,1,3,1968,56,Uptown,Excellent,2,3,0,677926.75
1985,2,1,1,3,2012,12,Waterfront,Good,2,0,1,438881.2
5269,4,5,1,2,1960,64,Downtown,Average,3,2,0,886772.56
4841,5,3,3,1,1988,36,Downtown,Excellent,3,1,1,1072188.66
3696,1,1,3,1,1970,54,Suburb,Average,4,3,1,444619.82
5718,4,5,1,2,1971,53,Waterfront,Excellent,5,2,1,1334094.88
2013,1,1,1,2,1980,44,Downtown,Average,4,2,0,352532.31
3101,4,5,2,3,2012,12,Uptown,Good,3,0,1,537076.51
1415,5,3,3,3,1997,27,Uptown,Average,5,2,1,289303.35
4132,5,2,3,1,2022,2,Uptown,Average,4,0,0,630341.93
551,1,1,1,3,2011,13,Countryside,Average,4,1,1,84410.83
2524,4,1,2,1,1963,61,Suburb,Good,2,1,0,358385.23
2233,3,1,2,3,1964,60,Downtown,Poor,3,1,1,319315.73
755,1,1,3,2,1982,42,Suburb,Excellent,0,0,0,126235.46
4854,3,4,3,1,1963,61,Waterfront,Average,4,2,0,863866.61
5993,1,1,3,1,2012,12,Suburb,Average,5,1,1,739091.24
1740,6,3,1,3,2016,8,Suburb,Poor,0,2,0,211804.59
3033,4,2,3,0,1974,50,Waterfront,Excellent,0,3,0,715121.25
719,1,1,3,1,2011,13,Uptown,Good,4,0,1,154606.49
745,2,2,1,0,1997,27,Waterfront,Good,2,2,1,183135.06
3254,3,2,3,2,1970,54,Suburb,Average,4,3,0,442835.91
597,5,1,2,3,1980,44,Countryside,Poor,2,1,1,108208.56
5663,6,2,2,0,2020,4,Uptown,Poor,3,2,1,636088.71
686,5,4,3,3,1973,51,Suburb,Average,5,0,0,124386.81
5130,2,2,3,3,1985,39,Suburb,Average,3,2,1,676430.87
2372,4,3,1,2,1979,45,Waterfront,Excellent,2,2,1,622210.46
1410,1,2,2,3,1978,46,Uptown,Good,5,2,0,248742.27
2843,1,2,2,2,1987,37,Suburb,Good,0,1,0,412534.81
3002,4,4,3,0,1987,37,Downtown,Good,5,3,1,615628.68
1472,3,4,3,1,1989,35,Countryside,Poor,4,1,1,136287.38
2607,2,2,1,2,2001,23,Countryside,Poor,0,3,0,213471.02
5911,1,2,1,1,1990,34,Uptown,Excellent,5,3,1,1034069.2
1318,1,1,2,3,1970,54,Waterfront,Average,1,3,1,230741.8
3642,6,4,2,0,2002,22,Waterfront,Excellent,3,2,0,917613.59
4337,2,1,3,3,2023,1,Downtown,Poor,3,2,0,562548.2
2831,3,2,2,2,1995,29,Downtown,Good,5,0,1,577603.01
4943,1,2,2,2,1981,43,Waterfront,Excellent,4,0,0,1090727.24
2094,6,4,3,1,2012,12,Suburb,Excellent,0,1,1,413526.14
1745,4,4,2,0,2004,20,Waterfront,Average,4,1,0,390921.97
685,5,1,2,1,1991,33,Uptown,Poor,1,3,0,111633.03
3781,1,2,1,0,1978,46,Uptown,Poor,5,3,0,403329.87
2680,1,2,2,3,1975,49,Waterfront,Average,2,1,1,524414.81
788,1,2,1,2,1995,29,Countryside,Average,4,3,1,95526.66
1347,3,4,1,0,1965,59,Downtown,Excellent,2,3,1,345724.57
4622,6,2,3,0,1998,26,Waterfront,Excellent,5,0,0,1106892.47
3927,6,5,1,1,2023,1,Uptown,Good,4,2,1,690780.89
4849,1,2,1,1,1996,28,Downtown,Good,4,2,0,859714.9
3963,5,3,3,3,2005,19,Downtown,Good,2,1,1,832844.72
5339,6,4,2,2,1973,51,Waterfront,Average,2,3,0,1029137.77
1010,5,4,3,1,1964,60,Countryside,Good,2,2,0,171327.41
2786,2,3,3,2,1972,52,Downtown,Excellent,1,0,0,589194.47
3103,2,2,2,3,1984,40,Uptown,Poor,3,1,1,376404.8
1106,4,4,1,2,2000,24,Downtown,Average,4,2,1,286869.08
2286,4,4,2,2,2007,17,Countryside,Good,5,0,1,301682.94
2687,1,2,2,1,1961,63,Suburb,Poor,5,2,0,272886.91
3812,5,3,1,2,2018,6,Waterfront,Excellent,0,1,0,944459.99
1261,6,1,3,1,2019,5,Countryside,Poor,4,3,0,147445.76
5925,6,4,1,3,1999,25,Downtown,Good,3,2,1,1132873.14
982,6,5,3,2,1981,43,Waterfront,Average,4,3,1,292958.5
2890,2,3,2,0,2020,4,Uptown,Good,1,1,0,480597.89
5043,2,2,3,1,2019,5,Countryside,Excellent,2,1,0,655658.21
5576,1,1,2,1,2002,22,Downtown,Poor,4,2,0,715733.35
4432,4,1,1,3,1995,29,Uptown,Good,4,2,1,738452.41
716,2,3,3,3,1971,53,Uptown,Average,5,2,1,147404.95
4179,2,1,1,2,1960,64,Waterfront,Average,4,3,0,724778.33
2472,5,5,1,3,1972,52,Uptown,Good,4,1,0,444915.89
5055,5,1,1,2,1993,31,Downtown,Poor,0,0,1,700951.18
1908,5,3,2,2,1965,59,Downtown,Good,5,2,0,399616.79
1149,3,3,3,3,1982,42,Uptown,Poor,2,1,0,177459.64
2201,6,5,3,1,2011,13,Suburb,Good,5,2,0,354860.99
3888,4,2,1,1,1975,49,Downtown,Good,4,3,1,714448.22
671,1,1,2,1,1980,44,Uptown,Poor,1,1,1,62924.51
1661,3,2,2,1,1999,25,Downtown,Excellent,1,3,1,400673.79
1306,5,4,3,1,1961,63,Waterfront,Poor,2,0,0,251088.91
2837,1,1,1,0,2002,22,Countryside,Poor,1,3,1,234013.09
1900,5,5,2,2,1960,64,Suburb,Excellent,4,0,0,361966.74
4713,5,4,3,0,1983,41,Uptown,Good,4,1,1,784151.58
2223,1,1,3,1,1963,61,Suburb,Poor,5,3,0,240823.34
5786,2,3,2,3,1961,63,Downtown,Excellent,0,1,0,1133210.9
5712,4,3,1,2,2007,17,Uptown,Average,2,3,0,815698.22
4191,2,1,2,1,2008,16,Waterfront,Poor,0,1,0,605357.55
5453,4,1,1,3,1964,60,Uptown,Average,5,3,1,798072.78
5793,4,1,3,1,2014,10,Suburb,Poor,4,2,1,579646.45
3421,5,2,2,0,1983,41,Countryside,Poor,5,0,0,288199.56
1269,2,3,1,1,2003,21,Suburb,Good,3,0,1,214683.04
5154,5,1,1,3,1996,28,Suburb,Excellent,5,1,1,830573.99
4870,6,1,3,0,2001,23,Downtown,Average,2,3,0,826771.93
2424,4,3,1,0,1979,45,Countryside,Excellent,1,2,0,305981.05
4731,5,3,1,0,1990,34,Downtown,Good,1,0,1,909187.72
5222,5,5,1,0,1960,64,Downtown,Poor,3,3,0,704561.36
1021,4,1,2,1,1986,38,Uptown,Good,3,3,0,160151.92
642,4,3,1,0,2005,19,Suburb,Average,5,1,0,131596.01
1449,5,2,1,0,1972,52,Countryside,Average,2,3,1,187362.65
2715,6,5,2,1,1994,30,Uptown,Excellent,4,3,1,594852.59
4265,3,3,3,3,1970,54,Uptown,Average,0,0,1,618379.15
3747,3,2,3,3,1965,59,Uptown,Average,3,2,0,527913.22
3807,2,1,2,2,2006,18,Uptown,Excellent,5,1,0,643119.47
4315,4,4,3,2,2006,18,Uptown,Excellent,5,2,1,837556.09
3783,6,3,3,0,1999,25,Uptown,Average,4,2,0,597692.58
1475,1,2,3,2,2007,17,Waterfront,Excellent,1,1,1,427985.52
2445,5,5,1,3,1995,29,Downtown,Average,3,1,1,504831.44
3581,1,2,1,1,1963,61,Uptown,Poor,1,2,1,384048.49
4709,5,5,2,2,1977,47,Downtown,Excellent,5,0,0,1037316.63
803,4,4,1,3,1992,32,Waterfront,Average,2,3,1,253554.11
5720,6,2,2,3,1981,43,Downtown,Average,2,3,1,1003685.03
5405,4,5,3,3,2022,2,Downtown,Poor,2,0,0,730739.96
1319,2,3,2,3,1961,63,Waterfront,Good,2,2,1,307917.33
4571,1,1,3,0,2023,1,Downtown,Excellent,4,0,1,953759.57
3688,6,2,2,1,2002,22,Uptown,Poor,4,2,0,410361.4
3235,3,3,1,0,2012,12,Countryside,Poor,2,1,1,261706.61
4138,1,2,1,1,1968,56,Uptown,Average,3,1,1,556018.83
2246,1,2,1,3,1983,41,Uptown,Poor,2,1,0,258110.44
1589,6,5,2,3,1987,37,Suburb,Average,4,3,1,325380.71
3494,6,3,2,0,1995,29,Downtown,Average,2,0,0,615808.37
3533,4,3,1,1,2009,15,Waterfront,Excellent,5,0,0,886458.41
1737,1,2,3,1,2008,16,Uptown,Poor,2,1,0,195257.74
4174,3,4,3,0,1990,34,Suburb,Excellent,5,1,1,683884.23
2378,6,4,1,1,2016,8,Uptown,Excellent,0,1,0,497990.99
2064,5,5,3,1,1975,49,Waterfront,Average,4,3,0,438316.35
913,1,1,3,0,1987,37,Suburb,Poor,1,0,1,122123.24
5039,3,1,1,2,2013,11,Downtown,Poor,4,1,0,646125.43
2473,6,2,3,1,2007,17,Uptown,Excellent,3,0,1,539958.49
2701,2,1,2,3,2016,8,Uptown,Poor,5,1,1,340112.77
3631,2,1,3,0,1986,38,Downtown,Excellent,1,1,1,757018.19
5143,1,2,2,3,2008,16,Downtown,Good,2,0,1,956187.54
515,6,5,2,0,2014,10,Uptown,Good,2,3,0,177262.57
4291,3,1,1,1,2004,20,Suburb,Average,2,3,1,557386.85
1686,6,1,2,2,2011,13,Waterfront,Poor,3,2,1,333076.17
5579,5,5,2,3,2018,6,Waterfront,Excellent,5,1,0,1407889.41
4449,4,1,1,1,1997,27,Suburb,Excellent,5,2,0,699603.67
1311,3,1,3,1,2022,2,Downtown,Excellent,4,2,1,399213.98
2025,6,4,2,0,2003,21,Countryside,Good,4,1,1,281301.89
2112,4,4,2,0,2016,8,Downtown,Good,1,1,1,486898.01
3491,1,1,3,0,1973,51,Downtown,Average,2,0,0,538267.95
1687,4,4,2,1,2019,5,Waterfront,Average,5,1,1,407071.24
1905,2,1,1,0,2001,23,Uptown,Good,1,0,1,333640.74
4909,4,1,3,3,1980,44,Countryside,Poor,1,0,1,386002.52
4270,2,1,3,2,1961,63,Downtown,Average,3,3,1,718710.71
1885,2,3,1,1,1969,55,Countryside,Good,5,0,1,207309.07
2053,2,2,3,1,1963,61,Waterfront,Good,1,3,1,446067.51
5987,2,1,2,0,1982,42,Suburb,Excellent,5,1,1,930271.96
4201,2,3,1,0,1964,60,Suburb,Poor,2,3,1,404680.72
